Time	Signal Amplitude
0.000000	1.728017
0.001221	1.006569
0.002442	1.651019
0.003663	1.098252
0.004884	3.886311
0.006105	4.369940
0.007326	4.837751
0.008547	2.239117
0.009768	3.821461
0.010989	4.262181
0.012210	3.631398
0.013431	5.697103
0.014652	5.182070
0.015873	3.311139
0.017094	4.883270
0.018315	5.121752
0.019536	4.811414
0.020757	3.644910
0.021978	0.888314
0.023199	3.613019
0.024420	4.075469
0.025641	2.288110
0.026862	0.613759
0.028083	0.205381
0.029304	2.459780
0.030525	0.834536
0.031746	2.047807
0.032967	1.524425
0.034188	-1.003841
0.035409	2.183418
0.036630	-1.102330
0.037851	-0.115573
0.039072	0.816099
0.040293	1.327978
0.041514	0.916546
0.042735	-1.277192
0.043956	0.133134
0.045177	-0.790627
0.046398	-0.713271
0.047619	-0.583976
0.048840	-3.866425
0.050061	-0.218767
0.051282	-2.404006
0.052503	-2.308812
0.053724	-3.294411
0.054945	-1.916315
0.056166	-4.230447
0.057387	-0.919535
0.058608	-2.750342
0.059829	-4.200084
0.061050	-2.795176
0.062271	-3.461790
0.063492	-2.589438
0.064713	0.613366
0.065934	-1.806726
0.067155	1.034443
0.068376	1.880970
0.069597	0.568530
0.070818	2.573321
0.072039	2.736261
0.073260	3.071991
0.074481	2.758994
0.075702	4.607967
0.076923	2.194014
0.078144	1.561914
0.079365	4.654820
0.080586	4.148945
0.081807	4.374044
0.083028	4.403395
0.084249	3.695104
0.085470	2.702191
0.086691	-0.111740
0.087912	0.446582
0.089133	2.097494
0.090354	-0.393143
0.091575	0.034615
0.092796	-1.532488
0.094017	1.199606
0.095238	1.650119
0.096459	-1.095096
0.097680	-0.291966
0.098901	0.175989
0.100122	-2.038837
0.101343	-0.463889
0.102564	-1.776063
0.103785	-0.873114
0.105006	-3.161264
0.106227	-1.293695
0.107448	-1.474761
0.108669	-1.670535
0.109890	-3.337968
0.111111	-2.429404
0.112332	-4.159601
0.113553	-2.299138
0.114774	-2.692474
0.115995	-2.658580
0.117216	-3.277382
0.118437	-2.510893
0.119658	-5.441517
0.120879	-3.056702
0.122100	-5.941737
0.123321	-2.456532
0.124542	-4.864580
0.125763	-5.618419
0.126984	-4.474763
0.128205	-4.055480
0.129426	-0.651722
0.130647	-0.180595
0.131868	-1.718918
0.133089	1.320749
0.134310	0.394303
0.135531	-0.189081
0.136752	1.586049
0.137973	2.106314
0.139194	2.125392
0.140415	1.435125
0.141636	1.796481
0.142857	2.062675
0.144078	2.885433
0.145299	4.826889
0.146520	2.037198
0.147741	4.687056
0.148962	1.467660
0.150183	5.210995
0.151404	2.407568
0.152625	1.631584
0.153846	2.514821
0.155067	3.559373
0.156288	0.407901
0.157509	2.747931
0.158730	3.206789
0.159951	1.392431
0.161172	0.649426
0.162393	0.891137
0.163614	2.343906
0.164835	-0.423761
0.166056	1.045934
0.167277	2.784953
0.168498	1.139679
0.169719	-0.057580
0.170940	2.153227
0.172161	1.289327
0.173382	-0.796955
0.174603	-0.136265
0.175824	-0.179603
0.177045	-1.575198
0.178266	-0.146220
0.179487	0.722963
0.180708	-2.744412
0.181929	0.202416
0.183150	-3.088973
0.184371	-3.052023
0.185592	-3.249326
0.186813	-1.353512
0.188034	-3.815660
0.189255	-1.342982
0.190476	-1.378737
0.191697	-4.082922
0.192918	-1.211396
0.194139	-1.594671
0.195360	-1.597362
0.196581	-1.512918
0.197802	0.578851
0.199023	2.111240
0.200244	1.044729
0.201465	0.528944
0.202686	2.780973
0.203907	1.471448
0.205128	0.859482
0.206349	2.709600
0.207570	3.833704
0.208791	4.799731
0.210012	2.432880
0.211233	5.317768
0.212454	3.902629
0.213675	2.250283
0.214896	4.697934
0.216117	3.297351
0.217338	2.029542
0.218559	4.013278
0.219780	3.990408
0.221001	2.079521
0.222222	1.587205
0.223443	0.547331
0.224664	-1.115265
0.225885	-1.198558
0.227106	1.055845
0.228327	-0.192308
0.229548	1.036360
0.230769	-0.362090
0.231990	-1.533328
0.233211	-1.031202
0.234432	-0.340555
0.235653	0.534207
0.236874	0.333413
0.238095	-3.353132
0.239316	-1.062686
0.240537	-1.204884
0.241758	-2.777759
0.242979	-1.392935
0.244200	-3.570061
0.245421	-3.630777
0.246642	-3.188134
0.247863	-5.449198
0.249084	-4.315147
0.250305	-3.251950
0.251526	-2.805194
0.252747	-6.034012
0.253968	-4.019887
0.255189	-5.197705
0.256410	-2.853460
0.257631	-2.860138
0.258852	-2.984844
0.260073	-2.590299
0.261294	-4.135253
0.262515	-4.402836
0.263736	-1.198104
0.264957	-0.602500
0.266178	-2.272386
0.267399	-2.234525
0.268620	0.813220
0.269841	0.633225
0.271062	2.231332
0.272283	1.396590
0.273504	3.181057
0.274725	3.556240
0.275946	3.158446
0.277167	2.126135
0.278388	1.212634
0.279609	4.906571
0.280830	2.235255
0.282051	2.628762
0.283272	3.827050
0.284493	2.180973
0.285714	1.728850
0.286935	1.246809
0.288156	2.041747
0.289377	1.656117
0.290598	2.437284
0.291819	2.206132
0.293040	-0.605289
0.294261	2.958876
0.295482	1.430760
0.296703	1.935115
0.297924	1.967271
0.299145	-0.208875
0.300366	2.354261
0.301587	1.353012
0.302808	1.905998
0.304029	0.059296
0.305250	1.359299
0.306471	-0.701446
0.307692	-1.028633
0.308913	1.243180
0.310134	-1.629453
0.311355	-0.632443
0.312576	-2.911861
0.313797	-2.917783
0.315018	-3.119021
0.316239	-3.299048
0.317460	-0.269789
0.318681	-0.974322
0.319902	-2.048130
0.321123	-2.984452
0.322344	-0.809483
0.323565	-3.377428
0.324786	-3.794326
0.326007	-1.966373
0.327228	-3.532580
0.328449	-0.712582
0.329670	-2.567222
0.330891	0.244404
0.332112	-0.662090
0.333333	1.602262
0.334554	3.107742
0.335775	1.029823
0.336996	3.990033
0.338217	4.444238
0.339438	2.130691
0.340659	2.074734
0.341880	4.242172
0.343101	5.190170
0.344322	4.848974
0.345543	3.770945
0.346764	4.744518
0.347985	2.988328
0.349206	3.711109
0.350427	2.488078
0.351648	2.742855
0.352869	1.945320
0.354090	3.372763
0.355311	3.530096
0.356532	0.539651
0.357753	0.917116
0.358974	1.381140
0.360195	-0.212266
0.361416	-0.515364
0.362637	0.832760
0.363858	1.893703
0.365079	0.259792
0.366300	-1.852919
0.367521	0.306372
0.368742	0.865504
0.369963	-2.289621
0.371184	-1.593309
0.372405	-2.879990
0.373626	-1.857659
0.374847	-1.423671
0.376068	-2.267642
0.377289	-4.348170
0.378510	-2.146069
0.379731	-4.866416
0.380952	-3.897964
0.382173	-3.077901
0.383394	-5.642310
0.384615	-4.179584
0.385836	-5.379263
0.387057	-4.812562
0.388278	-3.240448
0.389499	-4.342847
0.390720	-2.876456
0.391941	-3.212029
0.393162	-2.042398
0.394383	-1.409954
0.395604	-3.981543
0.396825	-3.997186
0.398046	-2.955707
0.399267	-2.261537
0.400488	0.042176
0.401709	-1.298555
0.402930	-1.130396
0.404151	1.266190
0.405372	2.714248
0.406593	2.413751
0.407814	4.043617
0.409035	3.551360
0.410256	3.040457
0.411477	2.312166
0.412698	1.190926
0.413919	3.111692
0.415140	0.969951
0.416361	2.071490
0.417582	3.030137
0.418803	0.877126
0.420024	3.850333
0.421245	0.454905
0.422466	-0.079199
0.423687	1.474074
0.424908	1.942251
0.426129	0.906940
0.427350	-0.380500
0.428571	-0.585121
0.429792	-1.485056
0.431013	1.606963
0.432234	1.002452
0.433455	1.869495
0.434676	-1.241934
0.435897	0.509421
0.437118	1.032437
0.438339	-0.872470
0.439560	0.384846
0.440781	-1.127807
0.442002	0.550409
0.443223	-2.293029
0.444444	-1.947014
0.445665	-2.984809
0.446886	-3.457137
0.448107	-0.529890
0.449328	-0.246781
0.450549	-3.949940
0.451770	-3.993262
0.452991	-0.867204
0.454212	-1.609387
0.455433	-3.286348
0.456654	-4.222029
0.457875	-0.257726
0.459096	-3.543427
0.460317	-0.839785
0.461538	-0.312162
0.462759	1.123099
0.463980	-0.186577
0.465201	1.733780
0.466422	0.334214
0.467643	3.116299
0.468864	0.701101
0.470085	3.943739
0.471306	1.095114
0.472527	2.208848
0.473748	2.125212
0.474969	4.454123
0.476190	3.635003
0.477411	6.101660
0.478632	2.452044
0.479853	6.167812
0.481074	4.798074
0.482295	4.459432
0.483516	4.288120
0.484737	1.349748
0.485958	4.291502
0.487179	3.567291
0.488400	3.300677
0.489621	2.535436
0.490842	1.327736
0.492063	0.674115
0.493284	2.001422
0.494505	1.058771
0.495726	-0.119804
0.496947	1.153746
0.498168	-0.043105
0.499389	1.941569
0.500611	-1.382383
0.501832	-1.424139
0.503053	-2.102941
0.504274	0.328502
0.505495	-2.617804
0.506716	-2.169545
0.507937	-0.672671
0.509158	-3.342730
0.510379	-3.138982
0.511600	-0.955185
0.512821	-4.619506
0.514042	-3.016331
0.515263	-2.810407
0.516484	-3.837980
0.517705	-5.808644
0.518926	-3.808227
0.520147	-3.303287
0.521368	-4.959987
0.522589	-2.729699
0.523810	-5.946186
0.525031	-3.001607
0.526252	-2.458788
0.527473	-4.594251
0.528694	-1.181870
0.529915	-3.303847
0.531136	-0.002123
0.532357	0.032083
0.533578	-2.055925
0.534799	-1.135099
0.536020	-0.552912
0.537241	-1.187088
0.538462	1.900475
0.539683	2.228716
0.540904	1.713688
0.542125	1.823881
0.543346	0.799948
0.544567	3.701885
0.545788	4.088515
0.547009	2.916596
0.548230	3.434055
0.549451	1.846781
0.550672	3.842390
0.551893	3.240716
0.553114	2.837596
0.554335	0.926399
0.555556	2.858464
0.556777	-0.821321
0.557998	0.572336
0.559219	-0.353265
0.560440	2.088648
0.561661	-0.499873
0.562882	0.612394
0.564103	0.246001
0.565324	0.372006
0.566545	-1.996869
0.567766	0.806058
0.568987	-0.526275
0.570208	-2.102320
0.571429	-1.643649
0.572650	0.101158
0.573871	-1.947793
0.575092	-1.435195
0.576313	-0.715605
0.577534	-1.836912
0.578755	-1.079162
0.579976	-1.829001
0.581197	-2.740324
0.582418	-0.409374
0.583639	-3.550049
0.584860	-2.578559
0.586081	-4.231177
0.587302	-2.674285
0.588523	-2.723673
0.589744	-2.966489
0.590965	-2.789673
0.592186	-1.494121
0.593407	0.104236
0.594628	-3.004160
0.595849	-2.300553
0.597070	-2.223768
0.598291	1.684258
0.599512	-1.133035
0.600733	0.585492
0.601954	2.507005
0.603175	3.808061
0.604396	1.190667
0.605617	2.462617
0.606838	5.448031
0.608059	3.039141
0.609280	4.681769
0.610501	2.703328
0.611722	6.076092
0.612943	2.937600
0.614164	3.209658
0.615385	4.312085
0.616606	5.360755
0.617827	5.567851
0.619048	2.016471
0.620269	1.411656
0.621490	0.908113
0.622711	2.193036
0.623932	0.260592
0.625153	2.193463
0.626374	3.498692
0.627595	0.674585
0.628816	2.713905
0.630037	-0.977695
0.631258	0.612841
0.632479	-0.638698
0.633700	-0.715775
0.634921	-1.810005
0.636142	-0.353724
0.637363	1.344910
0.638584	1.110659
0.639805	0.571340
0.641026	0.136752
0.642247	0.255736
0.643468	-3.226970
0.644689	-1.129524
0.645910	-1.035562
0.647131	-2.227819
0.648352	-3.262575
0.649573	-3.937355
0.650794	-1.613752
0.652015	-2.213339
0.653236	-5.405798
0.654457	-2.972350
0.655678	-3.490883
0.656899	-3.792634
0.658120	-4.872913
0.659341	-3.933382
0.660562	-1.751818
0.661783	-2.085179
0.663004	-3.674775
0.664225	-2.800626
0.665446	-2.057263
0.666667	-0.846606
0.667888	-1.927100
0.669109	1.165820
0.670330	-1.092267
0.671551	1.051032
0.672772	3.303148
0.673993	0.556847
0.675214	2.683220
0.676435	4.294279
0.677656	2.906965
0.678877	3.392453
0.680098	2.802099
0.681319	3.672075
0.682540	0.616801
0.683761	1.541671
0.684982	3.159065
0.686203	-0.295477
0.687424	1.796025
0.688645	2.313379
0.689866	-0.304186
0.691087	1.616220
0.692308	0.715132
0.693529	-1.175009
0.694750	-1.128002
0.695971	1.058769
0.697192	-1.882141
0.698413	0.071676
0.699634	-1.087408
0.700855	1.142204
0.702076	-1.917060
0.703297	0.851951
0.704518	-2.500566
0.705739	-0.231777
0.706960	0.137965
0.708181	0.280395
0.709402	-1.401537
0.710623	-3.089981
0.711844	-3.333663
0.713065	-0.919913
0.714286	-2.387344
0.715507	-4.494318
0.716728	-4.263594
0.717949	-3.575623
0.719170	-2.785684
0.720391	-3.673572
0.721612	-4.074240
0.722833	-4.400179
0.724054	-3.075368
0.725275	-4.010048
0.726496	-3.716928
0.727717	-2.703336
0.728938	0.634356
0.730159	-2.307380
0.731380	-1.292776
0.732601	-0.368312
0.733822	0.363528
0.735043	0.244612
0.736264	2.883644
0.737485	4.007505
0.738706	1.961166
0.739927	3.513014
0.741148	2.987316
0.742369	2.960719
0.743590	4.727195
0.744811	4.590362
0.746032	3.818026
0.747253	4.625094
0.748474	4.318791
0.749695	3.247421
0.750916	2.184478
0.752137	3.406778
0.753358	3.207735
0.754579	1.852745
0.755800	4.275186
0.757021	4.094236
0.758242	3.340723
0.759463	1.405319
0.760684	1.954842
0.761905	-0.033006
0.763126	2.501629
0.764347	-0.569952
0.765568	0.960289
0.766789	1.657427
0.768010	-0.269129
0.769231	0.073015
0.770452	0.034302
0.771673	0.328462
0.772894	-2.188601
0.774115	-0.635278
0.775336	-0.002008
0.776557	0.720713
0.777778	-0.183158
0.778999	-3.035728
0.780220	-1.737694
0.781441	-0.793796
0.782662	-4.228184
0.783883	-2.171364
0.785104	-5.114137
0.786325	-5.417204
0.787546	-1.903145
0.788767	-3.764925
0.789988	-3.989642
0.791209	-3.921047
0.792430	-2.525144
0.793651	-2.758972
0.794872	-3.289122
0.796093	-3.957459
0.797314	-1.651489
0.798535	0.508030
0.799756	-1.317355
0.800977	1.554169
0.802198	-0.154365
0.803419	0.305701
0.804640	2.412144
0.805861	2.012417
0.807082	2.424570
0.808303	2.384749
0.809524	1.081044
0.810745	3.997311
0.811966	2.785818
0.813187	3.601718
0.814408	4.276873
0.815629	2.572114
0.816850	2.527472
0.818071	2.815798
0.819292	0.090027
0.820513	1.403948
0.821734	0.811937
0.822955	1.263118
0.824176	2.172296
0.825397	-1.569639
0.826618	1.182948
0.827839	0.062898
0.829060	-0.565934
0.830281	1.316406
0.831502	-1.567147
0.832723	-1.237672
0.833944	0.925672
0.835165	-1.564451
0.836386	-1.132519
0.837607	-2.010824
0.838828	-1.309639
0.840049	-1.642701
0.841270	-1.330543
0.842491	-0.996512
0.843712	-0.826672
0.844933	-0.771004
0.846154	-3.417492
0.847375	-4.473529
0.848596	-3.944818
0.849817	-2.337335
0.851038	-2.110945
0.852259	-4.384826
0.853480	-3.915782
0.854701	-4.752047
0.855922	-3.328695
0.857143	-3.222126
0.858364	-1.602717
0.859585	-2.997839
0.860806	-1.610731
0.862027	-3.264853
0.863248	-1.528699
0.864469	-2.530134
0.865690	0.589379
0.866911	2.250274
0.868132	0.638701
0.869353	2.190696
0.870574	3.731680
0.871795	2.754793
0.873016	1.598973
0.874237	3.190893
0.875458	2.533534
0.876679	4.121755
0.877900	4.638768
0.879121	4.209254
0.880342	4.370308
0.881563	3.339383
0.882784	4.317556
0.884005	4.432344
0.885226	4.882303
0.886447	3.075998
0.887668	1.849854
0.888889	1.810267
0.890110	0.481378
0.891331	2.436736
0.892552	2.013477
0.893773	0.103337
0.894994	0.068429
0.896215	1.226126
0.897436	2.042634
0.898657	1.634204
0.899878	0.807971
0.901099	1.673653
0.902320	2.084457
0.903541	0.718245
0.904762	0.658518
0.905983	1.107935
0.907204	-1.217665
0.908425	-0.550882
0.909646	-1.161285
0.910867	0.221306
0.912088	0.181521
0.913309	-0.522197
0.914530	-3.419048
0.915751	-0.703648
0.916972	-1.325739
0.918193	-3.540639
0.919414	-1.178764
0.920635	-2.383048
0.921856	-4.971590
0.923077	-3.986806
0.924298	-3.138837
0.925519	-0.916054
0.926740	-1.488537
0.927961	-2.646327
0.929182	-1.821128
0.930403	0.227907
0.931624	-0.831084
0.932845	-2.019145
0.934066	0.229173
0.935287	1.514978
0.936508	3.029910
0.937729	3.159041
0.938950	3.835697
0.940171	1.714466
0.941392	0.921924
0.942613	1.291013
0.943834	3.553473
0.945055	3.541930
0.946276	3.434761
0.947497	3.576792
0.948718	4.135793
0.949939	2.345594
0.951160	-0.068844
0.952381	2.915782
0.953602	-0.088501
0.954823	0.884556
0.956044	2.641477
0.957265	1.721620
0.958486	-0.683064
0.959707	-0.528080
0.960928	0.884022
0.962149	-0.362283
0.963370	0.406113
0.964591	-0.969225
0.965812	-0.842423
0.967033	0.020995
0.968254	-2.061869
0.969475	0.401435
0.970696	-2.098824
0.971917	-3.442823
0.973138	-1.553576
0.974359	-2.893786
0.975580	-2.004142
0.976801	-1.172094
0.978022	-0.722990
0.979243	-1.540246
0.980464	-4.119789
0.981685	-2.197534
0.982906	-1.932158
0.984127	-3.964093
0.985348	-5.309241
0.986569	-4.172253
0.987790	-5.511216
0.989011	-4.508944
0.990232	-5.055281
0.991453	-4.873715
0.992674	-3.947813
0.993895	-2.601969
0.995116	-1.149034
0.996337	-0.255799
0.997558	-0.798278
0.998779	1.103847
1.000000	-0.729168
1.001221	-0.279920
1.002442	-0.353831
1.003663	1.545945
1.004884	1.134909
1.006105	2.521013
1.007326	2.396623
1.008547	5.114350
1.009768	1.770881
1.010989	4.783761
1.012210	5.316414
1.013431	5.914496
1.014652	1.940434
1.015873	2.131018
1.017094	4.196594
1.018315	4.732107
1.019536	4.437289
1.020757	2.841177
1.021978	1.132596
1.023199	2.279371
1.024420	3.899754
1.025641	0.384147
1.026862	0.793978
1.028083	-0.110267
1.029304	3.194210
1.030525	-0.594220
1.031746	-0.273065
1.032967	2.104948
1.034188	2.613649
1.035409	-0.887518
1.036630	2.418447
1.037851	-0.261744
1.039072	0.451291
1.040293	-1.452286
1.041514	0.048916
1.042735	0.502946
1.043956	-1.179822
1.045177	-0.171642
1.046398	-1.335327
1.047619	-0.521537
1.048840	-2.854648
1.050061	-0.349357
1.051282	-0.690142
1.052503	-0.913977
1.053724	-2.305468
1.054945	-4.213043
1.056166	-2.121048
1.057387	-1.476379
1.058608	-4.371342
1.059829	-0.289623
1.061050	-0.930236
1.062271	-0.747003
1.063492	-0.173709
1.064713	-0.647845
1.065934	1.093369
1.067155	-1.473367
1.068376	1.515905
1.069597	1.799946
1.070818	2.919551
1.072039	0.855988
1.073260	0.755565
1.074481	3.300891
1.075702	4.467595
1.076923	4.891259
1.078144	4.385131
1.079365	1.537233
1.080586	1.884418
1.081807	2.192021
1.083028	2.260915
1.084249	1.105826
1.085470	2.527648
1.086691	0.656314
1.087912	0.110432
1.089133	-0.959903
1.090354	-0.480649
1.091575	1.875663
1.092796	-1.737745
1.094017	1.773733
1.095238	0.510783
1.096459	-2.054105
1.097680	1.062475
1.098901	-2.294214
1.100122	0.003153
1.101343	-2.703056
1.102564	0.066603
1.103785	-2.245604
1.105006	-0.275763
1.106227	-2.232892
1.107448	-0.616943
1.108669	-1.035129
1.109890	-1.649639
1.111111	-2.747580
1.112332	-2.301891
1.113553	-3.455819
1.114774	-1.906104
1.115995	-5.218538
1.117216	-5.563010
1.118437	-4.352712
1.119658	-3.132119
1.120879	-5.411358
1.122100	-5.802360
1.123321	-5.406042
1.124542	-4.181645
1.125763	-3.146005
1.126984	-2.152432
1.128205	-1.588829
1.129426	-1.254236
1.130647	-1.739098
1.131868	0.401366
1.133089	1.445692
1.134310	-1.307359
1.135531	1.521265
1.136752	2.085882
1.137973	2.598839
1.139194	4.247950
1.140415	1.404821
1.141636	2.668432
1.142857	4.378352
1.144078	3.992683
1.145299	4.846216
1.146520	3.985754
1.147741	3.527790
1.148962	5.102993
1.150183	3.386982
1.151404	1.561479
1.152625	4.240213
1.153846	4.545295
1.155067	3.029479
1.156288	0.301415
1.157509	1.193961
1.158730	1.665666
1.159951	0.250920
1.161172	2.273451
1.162393	0.832522
1.163614	0.836351
1.164835	2.149425
1.166056	2.551353
1.167277	2.588952
1.168498	-0.362656
1.169719	-1.303332
1.170940	-0.366953
1.172161	0.595755
1.173382	-1.364908
1.174603	1.505305
1.175824	1.668666
1.177045	-0.294585
1.178266	-1.974687
1.179487	-1.364582
1.180708	-2.472255
1.181929	-2.148030
1.183150	-3.929395
1.184371	-0.451052
1.185592	-0.879991
1.186813	-1.578988
1.188034	-1.412178
1.189255	-4.428970
1.190476	-3.391585
1.191697	-1.476348
1.192918	-0.307980
1.194139	-3.275606
1.195360	-1.932397
1.196581	0.590188
1.197802	1.387043
1.199023	-0.230313
1.200244	2.218396
1.201465	0.461313
1.202686	2.492547
1.203907	1.664342
1.205128	4.350658
1.206349	2.256027
1.207570	4.583854
1.208791	3.713272
1.210012	3.963174
1.211233	5.253532
1.212454	4.707590
1.213675	3.075380
1.214896	2.393512
1.216117	2.504684
1.217338	1.863558
1.218559	1.153263
1.219780	0.381759
1.221001	3.225263
1.222222	3.070619
1.223443	-0.243520
1.224664	-0.566018
1.225885	1.852962
1.227106	-0.523975
1.228327	-1.474712
1.229548	1.399446
1.230769	0.932000
1.231990	-1.336933
1.233211	0.397438
1.234432	-0.540384
1.235653	-0.549374
1.236874	-0.776569
1.238095	-3.240316
1.239316	-1.895336
1.240537	-0.171650
1.241758	-3.820910
1.242979	-0.975372
1.244200	-3.569678
1.245421	-1.132490
1.246642	-4.468428
1.247863	-5.069753
1.249084	-4.081331
1.250305	-3.111052
1.251526	-5.262005
1.252747	-3.099149
1.253968	-3.491761
1.255189	-4.357751
1.256410	-3.628607
1.257631	-3.052550
1.258852	-4.374806
1.260073	-5.563516
1.261294	-1.741719
1.262515	-2.723990
1.263736	-1.604236
1.264957	-2.295132
1.266178	-1.410976
1.267399	-1.155584
1.268620	0.416589
1.269841	-0.653122
1.271062	0.897702
1.272283	1.101461
1.273504	1.595036
1.274725	3.764821
1.275946	4.252928
1.277167	2.459656
1.278388	2.167094
1.279609	3.710575
1.280830	1.255887
1.282051	3.212455
1.283272	4.690526
1.284493	3.363761
1.285714	3.548246
1.286935	0.701289
1.288156	2.266092
1.289377	1.867843
1.290598	0.584758
1.291819	-0.123341
1.293040	0.778409
1.294261	-0.525666
1.295482	1.439952
1.296703	0.340594
1.297924	2.694033
1.299145	2.178864
1.300366	-0.506974
1.301587	-0.590532
1.302808	1.455159
1.304029	0.910639
1.305250	-0.405090
1.306471	0.537495
1.307692	-0.368519
1.308913	-0.682416
1.310134	-2.052662
1.311355	0.108200
1.312576	-2.223364
1.313797	-2.010560
1.315018	-3.351169
1.316239	-2.185157
1.317460	-3.374570
1.318681	-0.778920
1.319902	-4.075288
1.321123	-3.304390
1.322344	-1.043894
1.323565	-4.037896
1.324786	-1.441175
1.326007	-1.368677
1.327228	0.110011
1.328449	-0.331546
1.329670	0.856328
1.330891	0.742307
1.332112	-0.825446
1.333333	1.826312
1.334554	2.037123
1.335775	0.107335
1.336996	3.227116
1.338217	4.841523
1.339438	4.026419
1.340659	2.294615
1.341880	2.894433
1.343101	5.802896
1.344322	2.829485
1.345543	5.182223
1.346764	2.638150
1.347985	4.434653
1.349206	1.877664
1.350427	3.997508
1.351648	4.836450
1.352869	4.004189
1.354090	2.098808
1.355311	0.575233
1.356532	3.298955
1.357753	2.083918
1.358974	-1.017901
1.360195	2.578881
1.361416	2.092928
1.362637	1.376551
1.363858	-0.880253
1.365079	0.787874
1.366300	-1.725996
1.367521	-0.399686
1.368742	0.623360
1.369963	-1.166624
1.371184	-1.715426
1.372405	-0.558237
1.373626	-2.950069
1.374847	-0.087778
1.376068	-0.478156
1.377289	-1.958234
1.378510	-1.986118
1.379731	-1.945914
1.380952	-4.295595
1.382173	-1.766326
1.383394	-5.042173
1.384615	-6.022546
1.385836	-5.101740
1.387057	-6.012594
1.388278	-5.201598
1.389499	-5.563939
1.390720	-2.627313
1.391941	-5.311542
1.393162	-1.950221
1.394383	-4.377828
1.395604	-1.131466
1.396825	-2.636385
1.398046	-1.182674
1.399267	-0.855733
1.400488	1.284204
1.401709	-1.433070
1.402930	-0.827101
1.404151	-0.371317
1.405372	0.181067
1.406593	1.577888
1.407814	2.445667
1.409035	2.393605
1.410256	3.307541
1.411477	2.654431
1.412698	3.232196
1.413919	0.861931
1.415140	1.757406
1.416361	4.062210
1.417582	2.917379
1.418803	2.912260
1.420024	2.971173
1.421245	1.027264
1.422466	2.523754
1.423687	1.239283
1.424908	1.021741
1.426129	0.742315
1.427350	1.522083
1.428571	-1.399748
1.429792	2.325971
1.431013	2.297301
1.432234	1.663121
1.433455	1.314523
1.434676	-1.504520
1.435897	-0.675600
1.437118	1.234686
1.438339	-0.200368
1.439560	1.453359
1.440781	0.680205
1.442002	0.198185
1.443223	-1.997172
1.444444	-0.925312
1.445665	-2.075694
1.446886	0.088217
1.448107	-0.353720
1.449328	-0.586977
1.450549	-0.384412
1.451770	-3.670551
1.452991	-3.194953
1.454212	-1.391535
1.455433	-2.490770
1.456654	-1.925443
1.457875	-3.704387
1.459096	-2.627869
1.460317	-1.430324
1.461538	-0.391459
1.462759	-2.345237
1.463980	-0.572500
1.465201	-1.194605
1.466422	1.557593
1.467643	2.497021
1.468864	1.242252
1.470085	1.698083
1.471306	4.965866
1.472527	2.220824
1.473748	2.998490
1.474969	3.866856
1.476190	3.779642
1.477411	4.941362
1.478632	4.637467
1.479853	5.616709
1.481074	4.639129
1.482295	5.110428
1.483516	3.563847
1.484737	3.621961
1.485958	2.699830
1.487179	2.440819
1.488400	2.499632
1.489621	3.327731
1.490842	3.490586
1.492063	0.793743
1.493284	-0.484664
1.494505	0.036554
1.495726	-1.011878
1.496947	-0.425600
1.498168	2.242170
1.499389	-1.885861
1.500611	-0.357466
1.501832	-1.771507
1.503053	-0.882805
1.504274	0.414260
1.505495	-0.108286
1.506716	-1.781653
1.507937	-0.634926
1.509158	-2.116107
1.510379	-1.936799
1.511600	-0.867973
1.512821	-1.068951
1.514042	-2.000128
1.515263	-3.066731
1.516484	-5.111949
1.517705	-5.322506
1.518926	-2.302301
1.520147	-5.618733
1.521368	-3.408472
1.522589	-4.909900
1.523810	-5.790905
1.525031	-3.381832
1.526252	-1.902978
1.527473	-4.899269
1.528694	-4.845624
1.529915	-2.215488
1.531136	-3.919937
1.532357	-2.786180
1.533578	0.473841
1.534799	-0.221869
1.536020	-0.028440
1.537241	1.869954
1.538462	2.677311
1.539683	0.201018
1.540904	0.045425
1.542125	2.787812
1.543346	2.228019
1.544567	2.898494
1.545788	4.448488
1.547009	1.187959
1.548230	1.862860
1.549451	3.272711
1.550672	3.370728
1.551893	2.097212
1.553114	0.027656
1.554335	0.669166
1.555556	0.071153
1.556777	-0.937644
1.557998	1.673063
1.559219	1.956307
1.560440	-0.051247
1.561661	0.668490
1.562882	0.140213
1.564103	0.802301
1.565324	1.234627
1.566545	1.025869
1.567766	0.421756
1.568987	-1.637457
1.570208	-1.722574
1.571429	-2.365106
1.572650	-2.363997
1.573871	-2.096102
1.575092	-1.100951
1.576313	-0.554601
1.577534	-0.219279
1.578755	-2.898069
1.579976	-2.635871
1.581197	-1.408181
1.582418	-1.559254
1.583639	-0.858754
1.584860	-2.903528
1.586081	-2.631824
1.587302	-3.587893
1.588523	-2.272270
1.589744	-3.892915
1.590965	-1.515438
1.592186	-2.840644
1.593407	-2.617215
1.594628	-0.121014
1.595849	-1.360517
1.597070	-1.764707
1.598291	0.527100
1.599512	-0.506748
1.600733	0.061652
1.601954	1.517029
1.603175	1.698141
1.604396	3.570798
1.605617	2.706275
1.606838	4.905374
1.608059	3.599582
1.609280	2.425470
1.610501	3.488240
1.611722	4.966937
1.612943	3.462324
1.614164	5.846168
1.615385	3.459974
1.616606	2.288929
1.617827	2.290406
1.619048	3.655872
1.620269	2.038650
1.621490	2.144830
1.622711	2.863836
1.623932	2.615346
1.625153	1.283217
1.626374	1.019523
1.627595	0.547424
1.628816	1.400554
1.630037	2.528996
1.631258	0.040163
1.632479	1.481091
1.633700	1.346719
1.634921	0.077990
1.636142	1.576243
1.637363	1.084624
1.638584	-0.229071
1.639805	0.039450
1.641026	-1.393697
1.642247	0.714998
1.643468	-1.104840
1.644689	-1.985758
1.645910	-2.501461
1.647131	-3.122792
1.648352	-3.902364
1.649573	-3.007534
1.650794	-3.249493
1.652015	-4.726148
1.653236	-3.113895
1.654457	-3.861609
1.655678	-5.064634
1.656899	-4.156689
1.658120	-4.293642
1.659341	-5.271429
1.660562	-2.823220
1.661783	-1.805809
1.663004	-1.751413
1.664225	-3.036414
1.665446	0.415137
1.666667	-0.490069
1.667888	-2.214361
1.669109	-0.068705
1.670330	-0.303800
1.671551	0.250960
1.672772	3.558391
1.673993	0.359033
1.675214	3.591903
1.676435	3.984775
1.677656	3.654440
1.678877	2.958630
1.680098	2.874432
1.681319	1.355334
1.682540	2.133824
1.683761	0.392861
1.684982	2.685022
1.686203	1.880433
1.687424	0.175079
1.688645	1.923026
1.689866	0.201481
1.691087	0.601990
1.692308	-1.412129
1.693529	-1.371222
1.694750	1.239555
1.695971	-0.540425
1.697192	-1.404283
1.698413	0.253921
1.699634	-0.503397
1.700855	-2.101929
1.702076	0.149719
1.703297	-0.143083
1.704518	0.405674
1.705739	-1.054321
1.706960	0.450869
1.708181	-0.556299
1.709402	-0.797866
1.710623	-2.657722
1.711844	-1.465063
1.713065	-2.577978
1.714286	-4.317705
1.715507	-3.486067
1.716728	-2.198674
1.717949	-2.871622
1.719170	-2.164904
1.720391	-3.402064
1.721612	-3.124896
1.722833	-3.672570
1.724054	-1.164924
1.725275	-1.667755
1.726496	-3.531256
1.727717	-0.044061
1.728938	-1.549003
1.730159	0.053874
1.731380	1.616112
1.732601	-0.987240
1.733822	2.440188
1.735043	3.444166
1.736264	3.247327
1.737485	1.417113
1.738706	3.336657
1.739927	4.653217
1.741148	3.063385
1.742369	4.603932
1.743590	3.988853
1.744811	5.163099
1.746032	5.947673
1.747253	2.933355
1.748474	2.462238
1.749695	2.606016
1.750916	2.403463
1.752137	3.565740
1.753358	5.159518
1.754579	2.200503
1.755800	3.041395
1.757021	2.284380
1.758242	2.697067
1.759463	1.054348
1.760684	0.308409
1.761905	2.688959
1.763126	2.753366
1.764347	1.643476
1.765568	0.567462
1.766789	2.495027
1.768010	2.058384
1.769231	2.209088
1.770452	0.663814
1.771673	-0.279787
1.772894	-1.722857
1.774115	-0.700388
1.775336	0.720754
1.776557	-1.535824
1.777778	-2.255345
1.778999	-0.781776
1.780220	-2.706060
1.781441	-4.054912
1.782662	-2.916871
1.783883	-1.230778
1.785104	-1.468078
1.786325	-4.790363
1.787546	-4.392288
1.788767	-5.034456
1.789988	-4.285335
1.791209	-5.443506
1.792430	-4.498168
1.793651	-1.066562
1.794872	-3.321454
1.796093	-3.271732
1.797314	-2.674905
1.798535	-0.474478
1.799756	-0.763324
1.800977	0.898384
1.802198	1.487867
1.803419	0.816405
1.804640	1.936543
1.805861	0.879496
1.807082	2.396237
1.808303	0.678498
1.809524	0.996321
1.810745	1.040689
1.811966	2.265254
1.813187	1.086043
1.814408	0.654807
1.815629	2.748827
1.816850	3.029855
1.818071	2.661659
1.819292	1.284376
1.820513	1.587328
1.821734	-0.882209
1.822955	-1.081884
1.824176	-1.386247
1.825397	1.990533
1.826618	0.108162
1.827839	-0.994478
1.829060	-0.341447
1.830281	-0.140308
1.831502	-1.679185
1.832723	0.608607
1.833944	0.208337
1.835165	-0.742425
1.836386	-2.387233
1.837607	-0.550796
1.838828	-3.279817
1.840049	-0.837892
1.841270	-2.498251
1.842491	-0.291973
1.843712	-2.717317
1.844933	-1.774539
1.846154	-2.271061
1.847375	-4.257713
1.848596	-4.640511
1.849817	-3.282809
1.851038	-4.103104
1.852259	-3.691426
1.853480	-3.827415
1.854701	-2.089367
1.855922	-4.045150
1.857143	-2.125193
1.858364	-4.839184
1.859585	-2.809763
1.860806	-3.888075
1.862027	-2.510755
1.863248	-1.611362
1.864469	-2.096763
1.865690	1.577188
1.866911	0.411362
1.868132	0.777423
1.869353	0.966394
1.870574	1.098277
1.871795	3.434073
1.873016	2.215006
1.874237	3.989913
1.875458	2.375690
1.876679	5.316302
1.877900	4.457512
1.879121	2.480458
1.880342	2.876161
1.881563	3.669467
1.882784	2.923552
1.884005	1.883506
1.885226	4.874536
1.886447	4.074331
1.887668	3.137412
1.888889	1.847691
1.890110	2.388669
1.891331	2.477017
1.892552	2.309811
1.893773	2.166013
1.894994	-0.104442
1.896215	0.552902
1.897436	1.420886
1.898657	-0.312982
1.899878	0.650848
1.901099	0.614733
1.902320	-0.787655
1.903541	-0.737784
1.904762	0.532663
1.905983	-0.766028
1.907204	-1.206830
1.908425	-2.353976
1.909646	-0.307384
1.910867	0.111919
1.912088	-1.767848
1.913309	-1.013983
1.914530	-3.116735
1.915751	-2.824735
1.916972	-2.607871
1.918193	-2.188929
1.919414	-1.181797
1.920635	-4.595478
1.921856	-3.720862
1.923077	-2.048819
1.924298	-4.374634
1.925519	-2.454124
1.926740	-0.638055
1.927961	-1.286572
1.929182	-3.429115
1.930403	-0.008891
1.931624	-1.077095
1.932845	1.406580
1.934066	-0.981285
1.935287	0.586832
1.936508	0.121803
1.937729	2.490876
1.938950	0.288443
1.940171	1.619850
1.941392	3.871277
1.942613	3.984414
1.943834	4.161817
1.945055	3.930103
1.946276	4.428017
1.947497	0.865912
1.948718	3.408905
1.949939	1.126122
1.951160	2.648000
1.952381	0.352920
1.953602	1.080599
1.954823	2.331161
1.956044	1.186002
1.957265	-0.703675
1.958486	1.634542
1.959707	0.796213
1.960928	-1.072543
1.962149	1.402899
1.963370	-1.090176
1.964591	-0.064759
1.965812	-1.564835
1.967033	-1.204394
1.968254	-1.380470
1.969475	-0.517409
1.970696	-2.011677
1.971917	-0.719151
1.973138	-0.683057
1.974359	-0.200964
1.975580	-3.732127
1.976801	-0.697259
1.978022	-3.901966
1.979243	-4.628841
1.980464	-2.358421
1.981685	-1.723529
1.982906	-5.054368
1.984127	-1.887989
1.985348	-2.916651
1.986569	-3.336429
1.987790	-4.937126
1.989011	-3.125363
1.990232	-5.618138
1.991453	-4.476903
1.992674	-2.515878
1.993895	-1.518459
1.995116	-1.936241
1.996337	-0.625930
1.997558	-0.494218
1.998779	0.957918
2.000000	1.388598
2.001221	2.562760
2.002442	1.102497
2.003663	3.802672
2.004884	4.257271
2.006105	2.092608
2.007326	3.380485
2.008547	5.501764
2.009768	5.578236
2.010989	4.213664
2.012210	5.417004
2.013431	2.212805
2.014652	5.362540
2.015873	5.408695
2.017094	5.291288
2.018315	5.167192
2.019536	2.887182
2.020757	1.999785
2.021978	1.931077
2.023199	0.631192
2.024420	4.017668
2.025641	2.186343
2.026862	1.118508
2.028083	-0.341613
2.029304	0.460140
2.030525	0.380723
2.031746	2.312088
2.032967	0.366431
2.034188	2.539439
2.035409	1.651407
2.036630	-1.093297
2.037851	2.246052
2.039072	0.398494
2.040293	0.843455
2.041514	-1.668008
2.042735	-2.162183
2.043956	-0.393094
2.045177	-2.912672
2.046398	-1.843122
2.047619	-2.449597
2.048840	-2.924566
2.050061	-2.549837
2.051282	-0.629464
2.052503	-2.737720
2.053724	-3.088430
2.054945	-2.866872
2.056166	-2.074617
2.057387	-4.175230
2.058608	-3.125244
2.059829	-1.617315
2.061050	-1.811930
2.062271	-1.381149
2.063492	-2.482944
2.064713	0.551688
2.065934	-0.594891
2.067155	-1.502261
2.068376	-0.131010
2.069597	1.060445
2.070818	0.881709
2.072039	0.488093
2.073260	2.006421
2.074481	3.330410
2.075702	2.765678
2.076923	4.023231
2.078144	4.965128
2.079365	4.158366
2.080586	3.503225
2.081807	1.221670
2.083028	4.429495
2.084249	1.187016
2.085470	3.879741
2.086691	1.215376
2.087912	0.104794
2.089133	-1.022283
2.090354	0.304936
2.091575	2.130315
2.092796	0.036203
2.094017	-2.065696
2.095238	-2.287877
2.096459	-1.100265
2.097680	-2.505248
2.098901	-0.239066
2.100122	-0.420146
2.101343	-0.311000
2.102564	-1.722005
2.103785	-2.208966
2.105006	-3.061253
2.106227	-3.677345
2.107448	-0.225658
2.108669	-3.097684
2.109890	-2.603237
2.111111	-1.376981
2.112332	-3.563006
2.113553	-2.053813
2.114774	-2.192198
2.115995	-4.057319
2.117216	-5.936562
2.118437	-3.586795
2.119658	-3.219333
2.120879	-3.443777
2.122100	-4.175942
2.123321	-6.047289
2.124542	-5.036453
2.125763	-5.013450
2.126984	-3.319181
2.128205	-3.715892
2.129426	-2.183711
2.130647	-2.841808
2.131868	-0.254410
2.133089	0.411672
2.134310	-1.617636
2.135531	1.389263
2.136752	-0.552853
2.137973	1.408925
2.139194	3.651489
2.140415	0.764427
2.141636	3.012414
2.142857	2.539051
2.144078	5.185726
2.145299	2.177509
2.146520	5.262643
2.147741	4.995393
2.148962	2.350621
2.150183	5.259685
2.151404	2.877169
2.152625	3.753662
2.153846	3.140927
2.155067	2.019220
2.156288	3.214430
2.157509	3.550713
2.158730	0.994313
2.159951	2.360350
2.161172	3.076825
2.162393	1.054193
2.163614	-0.298215
2.164835	1.733381
2.166056	0.399019
2.167277	1.362370
2.168498	-0.595768
2.169719	1.256386
2.170940	0.029986
2.172161	-0.324849
2.173382	1.160402
2.174603	0.338245
2.175824	1.614053
2.177045	-0.461171
2.178266	-2.524929
2.179487	0.304029
2.180708	-0.630822
2.181929	-3.182281
2.183150	-0.841079
2.184371	-3.193893
2.185592	-0.767621
2.186813	-4.255237
2.188034	-4.016009
2.189255	-3.008204
2.190476	-4.096995
2.191697	-2.724581
2.192918	-2.897555
2.194139	-1.967254
2.195360	0.132137
2.196581	0.495414
2.197802	0.575144
2.199023	-0.418978
2.200244	1.545058
2.201465	-0.286205
2.202686	0.563167
2.203907	0.931707
2.205128	3.400921
2.206349	1.576973
2.207570	3.764068
2.208791	3.413690
2.210012	2.283655
2.211233	1.667326
2.212454	3.395592
2.213675	2.342563
2.214896	1.543800
2.216117	3.039166
2.217338	2.705970
2.218559	3.636715
2.219780	2.633933
2.221001	-0.067056
2.222222	2.587907
2.223443	0.783485
2.224664	1.743354
2.225885	1.843519
2.227106	-1.598974
2.228327	0.495466
2.229548	1.027129
2.230769	1.246876
2.231990	0.411888
2.233211	1.149989
2.234432	1.047434
2.235653	0.549385
2.236874	0.164347
2.238095	-1.591095
2.239316	-0.160282
2.240537	-0.926184
2.241758	-2.072550
2.242979	-3.080121
2.244200	-3.328674
2.245421	-4.447518
2.246642	-2.061807
2.247863	-3.042826
2.249084	-4.012551
2.250305	-4.354310
2.251526	-4.649351
2.252747	-3.786511
2.253968	-3.180058
2.255189	-4.089647
2.256410	-4.344332
2.257631	-3.474630
2.258852	-5.898651
2.260073	-2.996410
2.261294	-1.340493
2.262515	-3.429241
2.263736	-3.490855
2.264957	-1.239599
2.266178	-0.267737
2.267399	-1.615930
2.268620	1.869253
2.269841	1.119501
2.271062	1.075020
2.272283	0.653913
2.273504	1.064840
2.274725	3.400942
2.275946	1.436474
2.277167	1.453203
2.278388	3.359349
2.279609	3.563197
2.280830	3.769317
2.282051	2.925570
2.283272	3.842948
2.284493	3.631152
2.285714	1.911138
2.286935	2.261125
2.288156	2.789236
2.289377	3.013923
2.290598	0.723471
2.291819	2.941096
2.293040	-0.230355
2.294261	0.698163
2.295482	2.597807
2.296703	-0.189643
2.297924	-0.592448
2.299145	-1.050208
2.300366	-0.911700
2.301587	1.080030
2.302808	1.627255
2.304029	-1.433390
2.305250	0.705191
2.306471	-1.120704
2.307692	0.671087
2.308913	0.387830
2.310134	0.154472
2.311355	0.016263
2.312576	-0.627416
2.313797	-1.001705
2.315018	-3.686737
2.316239	-2.967663
2.317460	-2.026551
2.318681	-0.482726
2.319902	-4.432213
2.321123	-2.945613
2.322344	-4.324221
2.323565	-1.245968
2.324786	-3.507088
2.326007	-1.243353
2.327228	-0.014460
2.328449	-2.970497
2.329670	-0.195676
2.330891	-2.180290
2.332112	0.911415
2.333333	-0.081257
2.334554	3.240074
2.335775	2.696434
2.336996	3.493897
2.338217	2.733937
2.339438	4.176572
2.340659	4.974608
2.341880	3.222607
2.343101	2.784118
2.344322	5.739330
2.345543	4.250901
2.346764	3.830671
2.347985	2.274775
2.349206	1.598113
2.350427	1.539805
2.351648	2.409966
2.352869	2.278967
2.354090	0.393042
2.355311	0.780605
2.356532	1.238561
2.357753	2.212182
2.358974	0.166217
2.360195	-0.150641
2.361416	1.152339
2.362637	-1.479917
2.363858	0.259782
2.365079	1.020101
2.366300	-0.529813
2.367521	0.880649
2.368742	0.498747
2.369963	-1.719303
2.371184	-0.933091
2.372405	-1.001700
2.373626	-0.485006
2.374847	-0.138029
2.376068	-3.316521
2.377289	-1.031498
2.378510	-2.011265
2.379731	-2.743848
2.380952	-1.669228
2.382173	-4.776899
2.383394	-2.541498
2.384615	-3.180178
2.385836	-2.911600
2.387057	-5.225288
2.388278	-3.167444
2.389499	-5.035441
2.390720	-3.133787
2.391941	-3.404595
2.393162	-5.761050
2.394383	-3.396717
2.395604	-3.202851
2.396825	-2.427121
2.398046	-3.237897
2.399267	0.153544
2.400488	0.193876
2.401709	-0.592460
2.402930	-1.406627
2.404151	-0.296116
2.405372	-0.099330
2.406593	0.888057
2.407814	4.072652
2.409035	1.548911
2.410256	3.565397
2.411477	3.244975
2.412698	1.253229
2.413919	1.446684
2.415140	3.157918
2.416361	3.005924
2.417582	3.961830
2.418803	1.122470
2.420024	1.788510
2.421245	1.592808
2.422466	1.585341
2.423687	3.065027
2.424908	0.078437
2.426129	1.696566
2.427350	-0.800254
2.428571	0.952303
2.429792	1.465719
2.431013	-1.106306
2.432234	1.478934
2.433455	-0.351452
2.434676	0.313377
2.435897	-0.449974
2.437118	-0.366265
2.438339	0.511152
2.439560	1.707714
2.440781	-2.365671
2.442002	0.427062
2.443223	1.033637
2.444444	-2.850326
2.445665	-1.959387
2.446886	-3.545116
2.448107	-2.483469
2.449328	-3.398188
2.450549	-3.965357
2.451770	-3.372077
2.452991	-2.137783
2.454212	-4.554773
2.455433	-1.117181
2.456654	-1.292271
2.457875	-4.207670
2.459096	-1.677505
2.460317	0.306767
2.461538	-0.904444
2.462759	0.250893
2.463980	-1.441135
2.465201	1.920933
2.466422	-0.458557
2.467643	1.408471
2.468864	1.660732
2.470085	1.577478
2.471306	3.907974
2.472527	2.573568
2.473748	1.966953
2.474969	3.870238
2.476190	5.337955
2.477411	4.704021
2.478632	2.467356
2.479853	4.837644
2.481074	4.528224
2.482295	4.443633
2.483516	3.185752
2.484737	1.830382
2.485958	3.987109
2.487179	1.900537
2.488400	3.464380
2.489621	2.183337
2.490842	0.144623
2.492063	-0.586348
2.493284	1.239288
2.494505	-0.433241
2.495726	1.294269
2.496947	-0.901786
2.498168	-1.309491
2.499389	-0.589355
2.500611	1.401299
2.501832	1.343729
2.503053	-0.108836
2.504274	-0.630209
2.505495	-1.531534
2.506716	-2.229673
2.507937	-0.625424
2.509158	-3.683506
2.510379	-3.453810
2.511600	-2.631370
2.512821	-4.584521
2.514042	-2.666020
2.515263	-5.145771
2.516484	-4.948673
2.517705	-2.291926
2.518926	-4.900740
2.520147	-3.151748
2.521368	-2.367197
2.522589	-5.739252
2.523810	-3.815762
2.525031	-3.245681
2.526252	-5.208493
2.527473	-2.289018
2.528694	-2.310579
2.529915	-3.081750
2.531136	-0.115186
2.532357	-2.254118
2.533578	-2.478940
2.534799	0.920553
2.536020	-0.646454
2.537241	2.422692
2.538462	2.140441
2.539683	2.818361
2.540904	3.506982
2.542125	1.618830
2.543346	0.556687
2.544567	1.773561
2.545788	0.651319
2.547009	0.823465
2.548230	2.862297
2.549451	1.952813
2.550672	2.551556
2.551893	1.005987
2.553114	3.144754
2.554335	-0.627564
2.555556	-0.541547
2.556777	2.785161
2.557998	1.242990
2.559219	-0.912279
2.560440	-0.399607
2.561661	-1.600858
2.562882	-1.756940
2.564103	0.832026
2.565324	1.207709
2.566545	-0.342068
2.567766	0.112581
2.568987	-2.009354
2.570208	0.774242
2.571429	-0.968923
2.572650	1.319467
2.573871	-1.566275
2.575092	-2.779554
2.576313	-1.977624
2.577534	-0.699203
2.578755	-2.081328
2.579976	-2.210369
2.581197	-0.200697
2.582418	-2.567719
2.583639	-3.001068
2.584860	-2.155167
2.586081	-2.598007
2.587302	-1.480071
2.588523	-0.849342
2.589744	-3.951654
2.590965	-3.698111
2.592186	-2.657351
2.593407	-0.267019
2.594628	-2.514379
2.595849	-2.305890
2.597070	-0.929681
2.598291	1.731454
2.599512	2.066592
2.600733	3.223376
2.601954	3.085306
2.603175	3.868688
2.604396	4.179105
2.605617	4.625785
2.606838	2.684857
2.608059	5.698477
2.609280	6.015560
2.610501	4.388433
2.611722	3.511130
2.612943	6.191768
2.614164	5.336866
2.615385	5.610178
2.616606	5.373482
2.617827	4.013877
2.619048	4.267524
2.620269	2.784142
2.621490	2.514100
2.622711	2.704275
2.623932	3.087812
2.625153	2.679998
2.626374	0.485582
2.627595	0.215311
2.628816	1.697103
2.630037	-1.053583
2.631258	-0.905950
2.632479	0.035842
2.633700	-0.692317
2.634921	-1.024107
2.636142	-1.933786
2.637363	0.293130
2.638584	-0.667943
2.639805	-0.048691
2.641026	0.077074
2.642247	-2.349396
2.643468	-1.814924
2.644689	-1.975037
2.645910	-2.896491
2.647131	-1.332104
2.648352	-4.131504
2.649573	-5.040599
2.650794	-5.141789
2.652015	-2.164975
2.653236	-5.297455
2.654457	-3.339054
2.655678	-5.976511
2.656899	-4.990677
2.658120	-5.724740
2.659341	-3.855741
2.660562	-3.179709
2.661783	-2.390686
2.663004	-0.656443
2.664225	-1.127218
2.665446	-0.060340
2.666667	-0.078019
2.667888	0.820157
2.669109	1.035345
2.670330	-0.781457
2.671551	2.244535
2.672772	0.126762
2.673993	1.830563
2.675214	1.132450
2.676435	2.221708
2.677656	3.304392
2.678877	0.525400
2.680098	3.034236
2.681319	1.521639
2.682540	2.479563
2.683761	2.060597
2.684982	0.052816
2.686203	3.385665
2.687424	1.156593
2.688645	1.699514
2.689866	-0.174613
2.691087	0.519132
2.692308	1.642431
2.693529	-1.352119
2.694750	-0.874391
2.695971	0.362811
2.697192	0.149862
2.698413	-1.606985
2.699634	-1.090940
2.700855	-0.631023
2.702076	-0.634032
2.703297	-0.274425
2.704518	-1.218282
2.705739	-0.352542
2.706960	0.675766
2.708181	-0.935098
2.709402	-3.203678
2.710623	-0.427094
2.711844	-1.539086
2.713065	-0.750253
2.714286	-2.769584
2.715507	-2.249637
2.716728	-1.564903
2.717949	-4.160806
2.719170	-3.753809
2.720391	-2.141423
2.721612	-3.507421
2.722833	-4.744656
2.724054	-1.632355
2.725275	-1.160575
2.726496	-2.060748
2.727717	-1.755852
2.728938	-0.130947
2.730159	-0.082324
2.731380	-0.164792
2.732601	2.025763
2.733822	2.940574
2.735043	3.584507
2.736264	0.376612
2.737485	3.993530
2.738706	2.210036
2.739927	1.933135
2.741148	5.424352
2.742369	3.684442
2.743590	4.490530
2.744811	4.643258
2.746032	6.193812
2.747253	4.114824
2.748474	3.342893
2.749695	3.537537
2.750916	4.431215
2.752137	2.062851
2.753358	3.115263
2.754579	4.168633
2.755800	3.439638
2.757021	1.994771
2.758242	0.408739
2.759463	1.278680
2.760684	3.467558
2.761905	3.173146
2.763126	1.079371
2.764347	1.617822
2.765568	1.115857
2.766789	0.826548
2.768010	2.236268
2.769231	-0.725092
2.770452	-0.991771
2.771673	0.429323
2.772894	-1.939435
2.774115	-1.167782
2.775336	-1.972480
2.776557	0.150547
2.777778	-1.076130
2.778999	-1.658002
2.780220	-3.140559
2.781441	-0.565069
2.782662	-1.704557
2.783883	-4.065776
2.785104	-2.725973
2.786325	-5.003579
2.787546	-4.734828
2.788767	-3.144904
2.789988	-1.786820
2.791209	-2.747234
2.792430	-4.959509
2.793651	-3.783541
2.794872	-3.206199
2.796093	-0.600003
2.797314	-2.240366
2.798535	-0.920281
2.799756	0.286313
2.800977	0.471172
2.802198	1.367515
2.803419	0.386141
2.804640	2.857154
2.805861	2.722137
2.807082	2.582361
2.808303	3.632905
2.809524	4.448854
2.810745	2.431336
2.811966	2.874117
2.813187	0.835497
2.814408	0.593352
2.815629	2.426093
2.816850	2.747448
2.818071	1.903009
2.819292	1.933085
2.820513	1.776254
2.821734	-0.907615
2.822955	-0.004458
2.824176	-0.083726
2.825397	1.203838
2.826618	-0.305472
2.827839	0.653167
2.829060	0.030014
2.830281	0.188633
2.831502	0.582861
2.832723	-2.762098
2.833944	-1.265338
2.835165	-0.306259
2.836386	-2.418356
2.837607	-1.542891
2.838828	-2.563517
2.840049	-3.137083
2.841270	-3.568170
2.842491	-3.040955
2.843712	-2.977440
2.844933	-3.123851
2.846154	-0.751947
2.847375	-3.749903
2.848596	-2.142807
2.849817	-4.372866
2.851038	-4.656233
2.852259	-1.991662
2.853480	-2.160243
2.854701	-4.589629
2.855922	-2.742214
2.857143	-3.151774
2.858364	-4.218001
2.859585	-1.932429
2.860806	-2.535689
2.862027	-0.878044
2.863248	-1.778923
2.864469	0.582965
2.865690	-1.132513
2.866911	0.605679
2.868132	1.910147
2.869353	3.329815
2.870574	1.875912
2.871795	3.856795
2.873016	2.014842
2.874237	3.954222
2.875458	5.114953
2.876679	2.182937
2.877900	5.617300
2.879121	4.815281
2.880342	5.661834
2.881563	2.485146
2.882784	2.116733
2.884005	4.974937
2.885226	4.307236
2.886447	4.555750
2.887668	4.979245
2.888889	3.102475
2.890110	2.533783
2.891331	2.715288
2.892552	3.661031
2.893773	1.101849
2.894994	3.011070
2.896215	3.313491
2.897436	2.156521
2.898657	-0.391670
2.899878	0.587005
2.901099	-0.297915
2.902320	-0.358932
2.903541	-0.146301
2.904762	0.101416
2.905983	-0.745948
2.907204	1.557248
2.908425	-1.359224
2.909646	-0.574022
2.910867	-2.156090
2.912088	-0.331592
2.913309	-3.152196
2.914530	-1.676732
2.915751	-3.995785
2.916972	-1.171320
2.918193	-1.252347
2.919414	-3.428584
2.920635	-3.051071
2.921856	-4.358197
2.923077	-1.641448
2.924298	-2.057164
2.925519	-4.525183
2.926740	-1.108521
2.927961	-1.339612
2.929182	-2.897265
2.930403	-2.825284
2.931624	0.406556
2.932845	-2.353744
2.934066	1.719915
2.935287	0.160873
2.936508	2.363580
2.937729	1.165726
2.938950	2.510174
2.940171	2.697333
2.941392	1.549303
2.942613	3.731380
2.943834	3.139676
2.945055	2.560170
2.946276	3.220613
2.947497	0.972833
2.948718	1.861114
2.949939	1.237180
2.951160	1.579450
2.952381	2.015540
2.953602	-0.135614
2.954823	2.178562
2.956044	0.710378
2.957265	-0.961559
2.958486	-0.872301
2.959707	-1.101591
2.960928	-0.733880
2.962149	-0.977954
2.963370	-1.099089
2.964591	-0.834128
2.965812	0.350619
2.967033	-1.998536
2.968254	-0.572072
2.969475	-2.886258
2.970696	-0.109544
2.971917	-3.158816
2.973138	-0.570607
2.974359	-2.131366
2.975580	-1.975814
2.976801	-0.441710
2.978022	-1.903868
2.979243	-3.713557
2.980464	-4.049102
2.981685	-4.436176
2.982906	-3.731323
2.984127	-2.266445
2.985348	-3.426690
2.986569	-3.882738
2.987790	-3.949502
2.989011	-3.355078
2.990232	-2.619967
2.991453	-3.645208
2.992674	-3.496561
2.993895	-4.399148
2.995116	-3.616888
2.996337	-3.682000
2.997558	-2.798099
2.998779	0.243584
3.000000	-1.683019
3.001221	-0.180463
3.002442	0.011804
3.003663	1.624800
3.004884	1.327128
3.006105	0.956746
3.007326	4.148292
3.008547	5.489595
3.009768	5.052209
3.010989	5.717824
3.012210	5.441538
3.013431	3.662029
3.014652	3.095665
3.015873	5.236059
3.017094	2.761917
3.018315	3.804307
3.019536	2.001116
3.020757	0.941934
3.021978	3.910516
3.023199	1.874536
3.024420	2.385483
3.025641	2.439684
3.026862	2.374123
3.028083	2.530525
3.029304	-0.589196
3.030525	0.912295
3.031746	0.234175
3.032967	0.756282
3.034188	2.692487
3.035409	0.597921
3.036630	0.928002
3.037851	-0.473174
3.039072	-1.616059
3.040293	-1.760786
3.041514	1.268728
3.042735	0.485177
3.043956	0.139001
3.045177	0.085111
3.046398	-2.902882
3.047619	-3.267113
3.048840	-2.853428
3.050061	-0.632667
3.051282	-3.905204
3.052503	-1.242617
3.053724	-4.725877
3.054945	-4.061637
3.056166	-2.902616
3.057387	-2.495683
3.058608	-0.812093
3.059829	-0.864708
3.061050	-3.915076
3.062271	-2.796417
3.063492	0.580978
3.064713	1.224993
3.065934	-1.000644
3.067155	0.598915
3.068376	0.351208
3.069597	-0.015257
3.070818	0.007331
3.072039	3.112986
3.073260	3.971714
3.074481	3.230753
3.075702	4.546612
3.076923	3.952878
3.078144	1.489533
3.079365	4.085441
3.080586	1.771054
3.081807	4.088417
3.083028	2.426528
3.084249	0.745490
3.085470	2.869663
3.086691	0.954147
3.087912	2.413855
3.089133	1.216782
3.090354	-0.237453
3.091575	-0.389027
3.092796	0.304075
3.094017	1.137832
3.095238	-1.529730
3.096459	-1.887852
3.097680	-2.180306
3.098901	-2.507436
3.100122	0.088231
3.101343	-2.519424
3.102564	-1.047146
3.103785	-1.198397
3.105006	-2.549651
3.106227	-1.969682
3.107448	-0.243661
3.108669	-3.850003
3.109890	-0.849543
3.111111	-1.468565
3.112332	-4.844515
3.113553	-2.333620
3.114774	-4.088659
3.115995	-4.375741
3.117216	-4.761284
3.118437	-3.199794
3.119658	-5.376854
3.120879	-4.463203
3.122100	-3.383710
3.123321	-5.440565
3.124542	-2.956158
3.125763	-1.859129
3.126984	-4.541291
3.128205	-3.287892
3.129426	-1.761185
3.130647	-3.618328
3.131868	-2.463026
3.133089	0.633515
3.134310	1.157678
3.135531	-0.324578
3.136752	-0.347932
3.137973	0.479239
3.139194	1.079638
3.140415	1.544788
3.141636	4.625132
3.142857	1.930008
3.144078	3.186353
3.145299	3.603513
3.146520	1.967238
3.147741	2.322803
3.148962	5.053871
3.150183	2.892566
3.151404	2.032888
3.152625	1.264737
3.153846	0.812514
3.155067	1.239822
3.156288	3.641234
3.157509	2.397250
3.158730	1.178061
3.159951	3.452529
3.161172	2.856494
3.162393	1.584412
3.163614	1.408663
3.164835	1.119356
3.166056	2.310892
3.167277	2.187772
3.168498	0.129506
3.169719	-1.336054
3.170940	1.100437
3.172161	2.039142
3.173382	-1.400112
3.174603	0.084217
3.175824	-1.133077
3.177045	-1.918832
3.178266	0.493611
3.179487	-1.530678
3.180708	-0.514750
3.181929	-3.299894
3.183150	-3.177681
3.184371	-2.682691
3.185592	-1.309971
3.186813	-2.287314
3.188034	-2.342495
3.189255	-3.569548
3.190476	-0.638030
3.191697	-2.054070
3.192918	-4.012051
3.194139	-2.590122
3.195360	-2.374102
3.196581	-1.429066
3.197802	-1.470283
3.199023	-0.867212
3.200244	1.728239
3.201465	1.574360
3.202686	0.240052
3.203907	2.805503
3.205128	4.430312
3.206349	1.218225
3.207570	1.438964
3.208791	2.162782
3.210012	1.634460
3.211233	4.862540
3.212454	4.691543
3.213675	2.249682
3.214896	2.480452
3.216117	2.024202
3.217338	2.115926
3.218559	1.444861
3.219780	4.022225
3.221001	2.325906
3.222222	2.256910
3.223443	0.079880
3.224664	-0.562462
3.225885	2.442302
3.227106	-0.643365
3.228327	1.951795
3.229548	-2.198680
3.230769	0.612133
3.231990	1.139366
3.233211	-1.399187
3.234432	-1.514696
3.235653	-2.756055
3.236874	-1.670398
3.238095	-2.434176
3.239316	-0.366812
3.240537	-2.009484
3.241758	-3.482444
3.242979	-2.393397
3.244200	-2.883813
3.245421	-1.249718
3.246642	-1.417419
3.247863	-4.934102
3.249084	-4.299184
3.250305	-3.467961
3.251526	-4.457807
3.252747	-5.538757
3.253968	-5.724611
3.255189	-4.932889
3.256410	-6.244561
3.257631	-5.484641
3.258852	-5.113137
3.260073	-3.995521
3.261294	-2.709317
3.262515	-3.508252
3.263736	-3.349488
3.264957	-1.604785
3.266178	-1.071208
3.267399	0.487972
3.268620	-1.140068
3.269841	-1.033960
3.271062	-0.151048
3.272283	2.792510
3.273504	2.273587
3.274725	0.870885
3.275946	4.482817
3.277167	4.486474
3.278388	1.199333
3.279609	3.153667
3.280830	4.553485
3.282051	1.687543
3.283272	1.070778
3.284493	1.661864
3.285714	1.026570
3.286935	0.450734
3.288156	0.461878
3.289377	0.399589
3.290598	1.870922
3.291819	-0.265187
3.293040	0.443829
3.294261	2.487099
3.295482	2.065326
3.296703	-0.244211
3.297924	2.179516
3.299145	-0.468667
3.300366	2.392697
3.301587	-0.699988
3.302808	2.148429
3.304029	0.603187
3.305250	-0.870878
3.306471	-0.408146
3.307692	0.041260
3.308913	-2.280686
3.310134	-1.509312
3.311355	-1.120722
3.312576	-1.894183
3.313797	-0.649531
3.315018	-0.906498
3.316239	-0.936231
3.317460	-3.303625
3.318681	-2.336796
3.319902	-0.465073
3.321123	-2.839457
3.322344	-0.950577
3.323565	-3.431652
3.324786	-0.576745
3.326007	-1.734597
3.327228	-1.609738
3.328449	0.160202
3.329670	-1.176118
3.330891	-0.184828
3.332112	2.105421
3.333333	2.708391
3.334554	2.943161
3.335775	2.762569
3.336996	3.166839
3.338217	3.750857
3.339438	1.918636
3.340659	4.782742
3.341880	4.743748
3.343101	3.003560
3.344322	4.576482
3.345543	4.258970
3.346764	2.422637
3.347985	2.926042
3.349206	4.895724
3.350427	2.724070
3.351648	1.986840
3.352869	1.129957
3.354090	1.974924
3.355311	3.294918
3.356532	0.545935
3.357753	0.749724
3.358974	0.908205
3.360195	0.630833
3.361416	-1.185555
3.362637	0.201636
3.363858	-0.797369
3.365079	-1.260398
3.366300	-0.232853
3.367521	-1.391656
3.368742	-1.291614
3.369963	-0.702836
3.371184	-1.007875
3.372405	-2.348558
3.373626	-0.816805
3.374847	-0.644348
3.376068	-1.117524
3.377289	-3.799138
3.378510	-3.195722
3.379731	-2.284763
3.380952	-4.405864
3.382173	-5.067693
3.383394	-5.820926
3.384615	-5.786023
3.385836	-4.123864
3.387057	-5.996475
3.388278	-4.685111
3.389499	-6.342269
3.390720	-2.569201
3.391941	-3.510576
3.393162	-4.303016
3.394383	-4.273194
3.395604	-1.847002
3.396825	-0.968926
3.398046	-1.126206
3.399267	-0.570841
3.400488	-0.371967
3.401709	1.487309
3.402930	2.223004
3.404151	0.248521
3.405372	1.080578
3.406593	3.222119
3.407814	2.176570
3.409035	0.894012
3.410256	2.778519
3.411477	2.397376
3.412698	1.850671
3.413919	1.913893
3.415140	1.076177
3.416361	4.057536
3.417582	2.015258
3.418803	1.464728
3.420024	3.454779
3.421245	0.956454
3.422466	-0.463288
3.423687	1.120909
3.424908	0.719688
3.426129	2.796326
3.427350	-0.818347
3.428571	-0.341145
3.429792	1.078851
3.431013	2.261947
3.432234	-0.705396
3.433455	2.140701
3.434676	0.032773
3.435897	-0.297321
3.437118	1.622946
3.438339	-1.512648
3.439560	-1.547752
3.440781	0.623467
3.442002	-1.124580
3.443223	-2.371264
3.444444	-0.174591
3.445665	-1.335653
3.446886	-0.997575
3.448107	-1.497632
3.449328	-0.407039
3.450549	-1.705234
3.451770	-2.737399
3.452991	-4.332577
3.454212	-1.048486
3.455433	-1.424041
3.456654	-0.680126
3.457875	-1.372393
3.459096	-1.028823
3.460317	-0.853993
3.461538	-2.496330
3.462759	-1.632333
3.463980	0.445414
3.465201	0.816509
3.466422	2.375249
3.467643	0.507085
3.468864	2.189169
3.470085	3.479335
3.471306	3.462097
3.472527	5.390927
3.473748	5.426108
3.474969	5.787371
3.476190	2.447433
3.477411	4.734051
3.478632	6.166695
3.479853	4.718874
3.481074	4.991947
3.482295	4.105268
3.483516	1.832209
3.484737	1.800833
3.485958	2.352733
3.487179	3.951736
3.488400	1.717941
3.489621	1.139827
3.490842	1.132980
3.492063	2.526045
3.493284	-0.254208
3.494505	0.065434
3.495726	0.121077
3.496947	-0.237039
3.498168	1.974824
3.499389	0.673487
3.500611	-1.734692
3.501832	-1.957646
3.503053	-2.362461
3.504274	1.256333
3.505495	-1.910469
3.506716	-2.301303
3.507937	-2.591345
3.509158	-2.991508
3.510379	-2.724564
3.511600	-0.694228
3.512821	-2.192634
3.514042	-2.276823
3.515263	-5.018367
3.516484	-3.309311
3.517705	-2.938009
3.518926	-2.868533
3.520147	-2.893966
3.521368	-2.414605
3.522589	-5.266437
3.523810	-3.127711
3.525031	-3.406335
3.526252	-2.569720
3.527473	-2.012672
3.528694	-2.057613
3.529915	-2.484350
3.531136	-3.735243
3.532357	-3.316194
3.533578	0.556840
3.534799	-1.458875
3.536020	2.066278
3.537241	1.610599
3.538462	2.859538
3.539683	2.088530
3.540904	1.423565
3.542125	0.941694
3.543346	2.712063
3.544567	3.766531
3.545788	4.149614
3.547009	2.506732
3.548230	2.202141
3.549451	3.079448
3.550672	0.709328
3.551893	0.414555
3.553114	2.034062
3.554335	3.257119
3.555556	2.548605
3.556777	0.003878
3.557998	2.287077
3.559219	1.663585
3.560440	-1.588978
3.561661	0.933805
3.562882	1.305918
3.564103	0.298721
3.565324	1.510331
3.566545	-1.335956
3.567766	0.089550
3.568987	1.360451
3.570208	-1.426262
3.571429	-1.103294
3.572650	0.772704
3.573871	0.332809
3.575092	-2.590857
3.576313	-2.415524
3.577534	-0.692068
3.578755	-0.371460
3.579976	-3.451117
3.581197	-0.930709
3.582418	-3.956464
3.583639	-4.490046
3.584860	-1.679560
3.586081	-1.439089
3.587302	-3.723442
3.588523	-0.870185
3.589744	-1.100400
3.590965	-0.520600
3.592186	-3.099594
3.593407	-0.710729
3.594628	-3.179416
3.595849	-0.215922
3.597070	-0.267595
3.598291	0.568091
3.599512	0.750389
3.600733	0.757069
3.601954	1.196797
3.603175	1.014889
3.604396	4.866679
3.605617	2.352727
3.606838	2.641494
3.608059	4.802407
3.609280	2.283706
3.610501	4.265000
3.611722	4.049220
3.612943	5.605134
3.614164	4.162682
3.615385	4.209266
3.616606	3.644573
3.617827	4.834640
3.619048	4.490113
3.620269	3.608584
3.621490	3.118536
3.622711	1.980507
3.623932	2.428392
3.625153	1.649955
3.626374	3.209739
3.627595	2.082918
3.628816	1.455857
3.630037	1.956523
3.631258	2.463145
3.632479	2.461435
3.633700	-1.485016
3.634921	-1.097400
3.636142	-0.877254
3.637363	0.744490
3.638584	0.648482
3.639805	1.210321
3.641026	0.594414
3.642247	-3.016184
3.643468	-3.124062
3.644689	-2.720551
3.645910	-0.729084
3.647131	-4.437121
3.648352	-1.235477
3.649573	-2.113604
3.650794	-2.289248
3.652015	-4.692899
3.653236	-5.731612
3.654457	-5.910213
3.655678	-3.546105
3.656899	-4.535641
3.658120	-3.083131
3.659341	-5.277610
3.660562	-1.760509
3.661783	-3.913342
3.663004	-3.614714
3.664225	-1.209126
3.665446	-0.741878
3.666667	-1.360229
3.667888	0.923433
3.669109	1.242007
3.670330	0.362545
3.671551	-0.737586
3.672772	3.440307
3.673993	0.885715
3.675214	3.557276
3.676435	0.790756
3.677656	1.568614
3.678877	4.440271
3.680098	2.814476
3.681319	0.667595
3.682540	0.410379
3.683761	3.807564
3.684982	-0.125837
3.686203	0.811085
3.687424	2.416738
3.688645	2.376392
3.689866	-0.140858
3.691087	0.304086
3.692308	-1.765518
3.693529	-1.113403
3.694750	-0.650264
3.695971	-1.050392
3.697192	-1.329405
3.698413	-1.520606
3.699634	-1.396973
3.700855	0.340179
3.702076	-2.699882
3.703297	0.195237
3.704518	-0.958191
3.705739	-0.562878
3.706960	-2.269888
3.708181	0.547497
3.709402	-1.463424
3.710623	-1.083867
3.711844	-3.872935
3.713065	-3.588451
3.714286	-2.346553
3.715507	-1.104597
3.716728	-2.776849
3.717949	-4.184895
3.719170	-1.658112
3.720391	-4.823128
3.721612	-1.871206
3.722833	-2.768184
3.724054	-2.516962
3.725275	-2.813031
3.726496	-1.777038
3.727717	-0.260464
3.728938	-1.170503
3.730159	-2.162295
3.731380	0.793780
3.732601	-0.377271
3.733822	1.203035
3.735043	0.431108
3.736264	1.477280
3.737485	3.740154
3.738706	2.651667
3.739927	3.004138
3.741148	2.030297
3.742369	4.513075
3.743590	5.500336
3.744811	3.971211
3.746032	3.766094
3.747253	4.268763
3.748474	3.419384
3.749695	2.217379
3.750916	3.281913
3.752137	4.972637
3.753358	1.356673
3.754579	3.210960
3.755800	3.412339
3.757021	1.448954
3.758242	0.914245
3.759463	2.140406
3.760684	0.086187
3.761905	0.274074
3.763126	0.507722
3.764347	-0.750783
3.765568	0.593187
3.766789	-1.079811
3.768010	0.107329
3.769231	2.224854
3.770452	1.340672
3.771673	1.218189
3.772894	0.354661
3.774115	1.236122
3.775336	-1.195884
3.776557	-0.100356
3.777778	-2.929273
3.778999	-1.803384
3.780220	-2.983376
3.781441	-4.136886
3.782662	-1.947318
3.783883	-2.333927
3.785104	-3.173982
3.786325	-3.058975
3.787546	-4.496821
3.788767	-4.415088
3.789988	-2.243612
3.791209	-3.246733
3.792430	-3.471638
3.793651	-1.563619
3.794872	-0.992509
3.796093	-2.943772
3.797314	-0.182754
3.798535	-2.390638
3.799756	-0.110507
3.800977	-1.902646
3.802198	-1.265629
3.803419	2.422994
3.804640	1.897412
3.805861	0.186780
3.807082	1.724877
3.808303	1.806575
3.809524	1.192948
3.810745	2.883349
3.811966	4.296720
3.813187	1.970718
3.814408	2.350025
3.815629	2.062090
3.816850	0.402170
3.818071	2.931469
3.819292	2.798998
3.820513	0.734236
3.821734	2.302787
3.822955	1.426731
3.824176	-0.428616
3.825397	-0.955099
3.826618	0.938624
3.827839	0.320642
3.829060	-0.861435
3.830281	0.624886
3.831502	-0.566122
3.832723	0.158504
3.833944	0.790180
3.835165	-1.870281
3.836386	-2.005808
3.837607	-0.463445
3.838828	-1.069117
3.840049	-0.394724
3.841270	-2.560564
3.842491	-0.094330
3.843712	-2.613473
3.844933	-4.205755
3.846154	-3.659277
3.847375	-1.001414
3.848596	-2.344644
3.849817	-5.234104
3.851038	-1.917626
3.852259	-4.501717
3.853480	-3.693640
3.854701	-3.181699
3.855922	-3.882865
3.857143	-1.392094
3.858364	-3.865105
3.859585	-2.997623
3.860806	-1.751166
3.862027	-1.301981
3.863248	-2.384601
3.864469	-2.053488
3.865690	-0.443667
3.866911	-1.235045
3.868132	-0.497052
3.869353	3.190792
3.870574	1.043495
3.871795	0.912663
3.873016	3.177420
3.874237	4.428824
3.875458	4.676154
3.876679	2.383629
3.877900	5.113602
3.879121	6.157256
3.880342	3.045254
3.881563	3.341101
3.882784	2.403403
3.884005	3.403425
3.885226	2.417211
3.886447	3.178912
3.887668	2.962746
3.888889	2.242062
3.890110	3.698146
3.891331	3.390202
3.892552	2.565826
3.893773	0.216181
3.894994	3.328614
3.896215	-0.241282
3.897436	0.316950
3.898657	0.928062
3.899878	2.510880
3.901099	-1.003480
3.902320	-0.722230
3.903541	-0.344597
3.904762	0.253188
3.905983	2.094522
3.907204	-0.425044
3.908425	-1.726544
3.909646	0.387314
3.910867	-1.679447
3.912088	-1.142304
3.913309	-0.700502
3.914530	-2.753175
3.915751	-1.644719
3.916972	-4.096293
3.918193	-1.007943
3.919414	-4.887202
3.920635	-3.808249
3.921856	-2.510457
3.923077	-2.417154
3.924298	-4.309839
3.925519	-3.413787
3.926740	-4.522284
3.927961	-2.293758
3.929182	-1.309259
3.930403	-2.657706
3.931624	-1.456143
3.932845	-0.467200
3.934066	1.744278
3.935287	0.143373
3.936508	2.605300
3.937729	-0.154879
3.938950	0.776456
3.940171	2.160377
3.941392	3.459055
3.942613	0.728108
3.943834	4.130036
3.945055	2.770337
3.946276	1.879803
3.947497	3.069878
3.948718	3.734786
3.949939	2.477852
3.951160	0.638149
3.952381	2.883998
3.953602	2.369786
3.954823	-0.504161
3.956044	2.651817
3.957265	-0.160999
3.958486	-1.837434
3.959707	-0.694357
3.960928	-2.117679
3.962149	-1.171208
3.963370	0.054146
3.964591	-1.760135
3.965812	-2.516073
3.967033	0.416008
3.968254	-2.854649
3.969475	-2.804581
3.970696	-1.508870
3.971917	-2.043444
3.973138	-2.214930
3.974359	-0.992081
3.975580	-3.938210
3.976801	-4.071260
3.978022	-2.852943
3.979243	-3.324191
3.980464	-1.403881
3.981685	-3.471045
3.982906	-3.843008
3.984127	-2.822998
3.985348	-2.713706
3.986569	-5.268404
3.987790	-4.569914
3.989011	-4.524501
3.990232	-3.640647
3.991453	-3.051986
3.992674	-5.022497
3.993895	-3.845664
3.995116	-1.603191
3.996337	-0.989470
3.997558	-0.841746
3.998779	-2.358881
4.000000	0.995797
4.001221	-0.804116
4.002442	1.397852
4.003663	2.998139
4.004884	3.208788
4.006105	3.475407
4.007326	4.271856
4.008547	4.759151
4.009768	4.924117
4.010989	3.509292
4.012210	3.793896
4.013431	4.542339
4.014652	2.040649
4.015873	1.919494
4.017094	5.021602
4.018315	4.664571
4.019536	3.622385
4.020757	3.013225
4.021978	3.240396
4.023199	0.414536
4.024420	1.985316
4.025641	1.643290
4.026862	1.233200
4.028083	3.156290
4.029304	0.614615
4.030525	2.952127
4.031746	0.242638
4.032967	0.546529
4.034188	2.092973
4.035409	1.824835
4.036630	1.416005
4.037851	2.270111
4.039072	1.931660
4.040293	0.570953
4.041514	0.092878
4.042735	-1.407942
4.043956	0.198806
4.045177	0.556359
4.046398	-0.346155
4.047619	-1.977104
4.048840	-1.783205
4.050061	-2.016066
4.051282	-2.996160
4.052503	-4.527253
4.053724	-1.979442
4.054945	-1.070394
4.056166	-3.573684
4.057387	-2.600609
4.058608	-3.047879
4.059829	-4.225127
4.061050	-0.071554
4.062271	-0.605704
4.063492	-0.334099
4.064713	-1.414290
4.065934	-1.534992
4.067155	2.236741
4.068376	-0.004056
4.069597	2.116848
4.070818	3.281137
4.072039	2.869080
4.073260	3.828411
4.074481	1.119307
4.075702	2.870206
4.076923	4.702878
4.078144	4.756870
4.079365	3.145628
4.080586	4.481739
4.081807	0.927933
4.083028	4.472357
4.084249	1.128253
4.085470	1.879016
4.086691	-0.351091
4.087912	1.105028
4.089133	1.088593
4.090354	1.866429
4.091575	-0.188683
4.092796	-0.984341
4.094017	-0.338730
4.095238	-1.979385
4.096459	-0.858513
4.097680	0.964525
4.098901	-2.394076
4.100122	-0.547111
4.101343	-2.141825
4.102564	0.008994
4.103785	-2.626243
4.105006	-2.929887
4.106227	-3.334109
4.107448	-1.161352
4.108669	-2.952038
4.109890	-3.652942
4.111111	-0.724740
4.112332	-3.143279
4.113553	-2.090834
4.114774	-2.387247
4.115995	-3.216964
4.117216	-5.056772
4.118437	-2.885200
4.119658	-3.309717
4.120879	-3.196486
4.122100	-6.093689
4.123321	-5.247605
4.124542	-3.484884
4.125763	-3.809183
4.126984	-4.704289
4.128205	-1.279997
4.129426	-3.688503
4.130647	-3.152792
4.131868	-3.082596
4.133089	-1.310138
4.134310	0.020622
4.135531	0.602551
4.136752	-0.499490
4.137973	1.862011
4.139194	1.369751
4.140415	2.856320
4.141636	2.709920
4.142857	4.318892
4.144078	5.262261
4.145299	4.923768
4.146520	3.391849
4.147741	5.356657
4.148962	4.498799
4.150183	3.389823
4.151404	4.366453
4.152625	1.247028
4.153846	4.223765
4.155067	4.357847
4.156288	2.924122
4.157509	2.248833
4.158730	0.709628
4.159951	1.805208
4.161172	-0.558392
4.162393	1.415587
4.163614	-0.358275
4.164835	0.617089
4.166056	2.272210
4.167277	-0.043881
4.168498	1.800171
4.169719	2.114412
4.170940	-0.038460
4.172161	-1.654050
4.173382	0.068495
4.174603	-0.472843
4.175824	0.969303
4.177045	0.305451
4.178266	-0.315020
4.179487	-1.142344
4.180708	-1.506765
4.181929	-2.839970
4.183150	-0.187825
4.184371	-4.008168
4.185592	-4.135743
4.186813	-3.188988
4.188034	-1.612274
4.189255	-2.307687
4.190476	-4.349606
4.191697	-0.533496
4.192918	-1.545488
4.194139	-0.328620
4.195360	-1.526377
4.196581	-2.394718
4.197802	-0.847463
4.199023	1.814921
4.200244	2.503862
4.201465	1.436974
4.202686	0.931935
4.203907	3.078501
4.205128	0.934192
4.206349	4.266340
4.207570	2.886201
4.208791	5.332217
4.210012	1.861451
4.211233	1.979470
4.212454	2.328537
4.213675	1.625517
4.214896	3.822237
4.216117	1.892258
4.217338	2.388652
4.218559	1.397592
4.219780	1.940775
4.221001	0.948690
4.222222	0.744814
4.223443	3.015849
4.224664	2.077458
4.225885	1.881009
4.227106	-0.464833
4.228327	-0.304930
4.229548	1.402939
4.230769	0.455193
4.231990	-1.899225
4.233211	-0.213758
4.234432	-0.265401
4.235653	-0.397327
4.236874	-0.306913
4.238095	-2.734639
4.239316	-3.169920
4.240537	-3.411874
4.241758	-0.996621
4.242979	-2.592410
4.244200	-1.685789
4.245421	-4.573922
4.246642	-1.779469
4.247863	-1.544705
4.249084	-4.698348
4.250305	-5.983869
4.251526	-5.368263
4.252747	-2.678873
4.253968	-2.877594
4.255189	-5.131289
4.256410	-3.989732
4.257631	-5.932115
4.258852	-5.193736
4.260073	-2.197154
4.261294	-1.752679
4.262515	-4.220534
4.263736	-1.793160
4.264957	-1.486411
4.266178	-1.304888
4.267399	-0.700946
4.268620	-0.204410
4.269841	2.622888
4.271062	0.810864
4.272283	0.583667
4.273504	0.591616
4.274725	2.308941
4.275946	1.144722
4.277167	2.384843
4.278388	4.780166
4.279609	3.960121
4.280830	3.735505
4.282051	4.021391
4.283272	2.373427
4.284493	4.490773
4.285714	2.329285
4.286935	1.321200
4.288156	1.584254
4.289377	1.841631
4.290598	3.482625
4.291819	1.778068
4.293040	1.949939
4.294261	2.766669
4.295482	2.134014
4.296703	1.713711
4.297924	2.140686
4.299145	1.840888
4.300366	0.468546
4.301587	0.030187
4.302808	-0.690446
4.304029	-0.219657
4.305250	-1.708180
4.306471	1.906497
4.307692	-2.101640
4.308913	1.027922
4.310134	-2.267155
4.311355	0.837995
4.312576	0.139522
4.313797	-2.334374
4.315018	-2.597282
4.316239	-3.096631
4.317460	-2.296207
4.318681	-0.356848
4.319902	-2.287580
4.321123	-4.024669
4.322344	-0.836717
4.323565	-3.549451
4.324786	-3.071956
4.326007	-2.717259
4.327228	-1.794324
4.328449	-1.682296
4.329670	-0.827158
4.330891	0.624851
4.332112	-1.139830
4.333333	-1.096779
4.334554	1.332252
4.335775	1.723895
4.336996	2.505907
4.338217	2.227752
4.339438	4.717797
4.340659	2.678026
4.341880	2.637356
4.343101	5.011064
4.344322	3.441820
4.345543	4.133267
4.346764	4.867587
4.347985	2.834495
4.349206	5.395220
4.350427	3.592320
4.351648	4.748011
4.352869	1.703342
4.354090	2.135639
4.355311	3.641684
4.356532	0.679339
4.357753	1.312315
4.358974	-0.624863
4.360195	2.463760
4.361416	1.400073
4.362637	-1.493850
4.363858	1.470757
4.365079	-1.385239
4.366300	-0.078687
4.367521	0.577683
4.368742	-2.181855
4.369963	-1.790203
4.371184	-0.460585
4.372405	0.290490
4.373626	-0.252105
4.374847	-3.246965
4.376068	-0.856236
4.377289	-4.127931
4.378510	-3.589125
4.379731	-4.525003
4.380952	-4.332493
4.382173	-4.524707
4.383394	-4.236009
4.384615	-5.907251
4.385836	-5.252972
4.387057	-4.537770
4.388278	-2.697707
4.389499	-5.171304
4.390720	-2.648575
4.391941	-2.411029
4.393162	-3.234722
4.394383	-3.258743
4.395604	-1.272719
4.396825	-2.030918
4.398046	-0.968937
4.399267	-2.836620
4.400488	1.144021
4.401709	0.922041
4.402930	-1.029254
4.404151	1.438200
4.405372	2.868725
4.406593	0.600274
4.407814	2.474793
4.409035	2.112288
4.410256	3.459670
4.411477	4.062625
4.412698	4.009602
4.413919	0.915169
4.415140	1.244902
4.416361	2.969775
4.417582	2.163503
4.418803	1.520520
4.420024	0.749335
4.421245	1.928860
4.422466	2.446745
4.423687	-0.531539
4.424908	-1.011933
4.426129	-0.774347
4.427350	0.263024
4.428571	-0.858235
4.429792	0.775861
4.431013	-1.063492
4.432234	0.982402
4.433455	-0.794940
4.434676	-1.102609
4.435897	-0.062807
4.437118	-1.110514
4.438339	-1.400688
4.439560	-0.940094
4.440781	-0.006167
4.442002	-1.608533
4.443223	-2.460540
4.444444	-0.457888
4.445665	-0.029094
4.446886	-0.893227
4.448107	0.039948
4.449328	-3.102124
4.450549	-4.271745
4.451770	-4.335173
4.452991	-4.295592
4.454212	-1.996418
4.455433	-1.552881
4.456654	-2.535646
4.457875	-3.254919
4.459096	-2.889053
4.460317	-3.092182
4.461538	-2.774382
4.462759	0.074099
4.463980	-0.799008
4.465201	1.046228
4.466422	2.691453
4.467643	-0.047207
4.468864	2.037861
4.470085	2.526827
4.471306	3.265560
4.472527	2.806116
4.473748	3.452695
4.474969	4.804729
4.476190	4.075425
4.477411	4.672449
4.478632	3.016567
4.479853	5.421386
4.481074	4.572406
4.482295	3.551359
4.483516	3.183142
4.484737	4.028970
4.485958	4.983904
4.487179	1.574379
4.488400	1.313186
4.489621	0.782661
4.490842	1.918841
4.492063	3.265651
4.493284	2.783210
4.494505	-0.941789
4.495726	0.743596
4.496947	-0.647811
4.498168	-1.692686
4.499389	0.181471
4.500611	-1.295273
4.501832	-0.101910
4.503053	-0.766557
4.504274	-2.508863
4.505495	0.556302
4.506716	-0.204631
4.507937	-3.056277
4.509158	-1.300960
4.510379	-0.265219
4.511600	-1.657352
4.512821	-4.187979
4.514042	-2.565449
4.515263	-1.358660
4.516484	-5.477609
4.517705	-3.176062
4.518926	-4.287943
4.520147	-3.162394
4.521368	-3.038184
4.522589	-4.796975
4.523810	-3.279601
4.525031	-4.271725
4.526252	-2.333608
4.527473	-2.129022
4.528694	-3.832001
4.529915	-1.413715
4.531136	-3.427881
4.532357	-2.293937
4.533578	-0.931364
4.534799	0.329166
4.536020	-0.203615
4.537241	1.426585
4.538462	0.108521
4.539683	1.774696
4.540904	1.417271
4.542125	3.967975
4.543346	1.758143
4.544567	4.017554
4.545788	3.212108
4.547009	4.482207
4.548230	0.640640
4.549451	0.974951
4.550672	2.461113
4.551893	0.448478
4.553114	2.053159
4.554335	1.659697
4.555556	2.261686
4.556777	1.941329
4.557998	1.008603
4.559219	-0.378281
4.560440	-1.678092
4.561661	1.482309
4.562882	1.112378
4.564103	0.136456
4.565324	-1.894332
4.566545	-1.120974
4.567766	-0.732371
4.568987	-1.721857
4.570208	1.117132
4.571429	1.068422
4.572650	-0.976715
4.573871	-0.761900
4.575092	0.267762
4.576313	-2.953314
4.577534	-2.286825
4.578755	-0.008807
4.579976	-0.078571
4.581197	-3.102730
4.582418	-3.423127
4.583639	-3.651444
4.584860	-3.013919
4.586081	-4.280946
4.587302	-3.195692
4.588523	-1.413158
4.589744	-3.502380
4.590965	-3.179186
4.592186	-2.349242
4.593407	-1.234983
4.594628	-2.189941
4.595849	0.231790
4.597070	-1.431710
4.598291	2.122532
4.599512	1.746283
4.600733	0.040305
4.601954	3.191948
4.603175	4.032407
4.604396	2.927785
4.605617	2.356406
4.606838	3.233537
4.608059	3.424222
4.609280	4.316058
4.610501	5.748828
4.611722	3.079821
4.612943	3.898505
4.614164	2.460153
4.615385	2.366833
4.616606	3.163092
4.617827	3.058722
4.619048	4.849944
4.620269	1.293660
4.621490	4.079976
4.622711	3.906300
4.623932	1.915881
4.625153	3.045913
4.626374	0.714859
4.627595	0.230456
4.628816	-0.920380
4.630037	1.036652
4.631258	0.784769
4.632479	1.540996
4.633700	-0.720154
4.634921	0.847058
4.636142	1.418355
4.637363	1.501557
4.638584	1.153346
4.639805	1.289616
4.641026	-0.625766
4.642247	-1.959935
4.643468	-0.951607
4.644689	-2.250951
4.645910	-1.306450
4.647131	-1.594674
4.648352	-1.745374
4.649573	-3.900415
4.650794	-4.594275
4.652015	-4.660392
4.653236	-4.928067
4.654457	-2.815319
4.655678	-3.634775
4.656899	-4.412573
4.658120	-2.281703
4.659341	-3.767531
4.660562	-2.330281
4.661783	-3.196885
4.663004	-2.091313
4.664225	-0.344262
4.665446	0.229872
4.666667	-0.846162
4.667888	-0.333543
4.669109	0.783182
4.670330	1.037997
4.671551	0.321001
4.672772	3.290808
4.673993	1.230659
4.675214	3.759536
4.676435	3.315789
4.677656	1.548886
4.678877	0.922420
4.680098	1.005454
4.681319	3.158677
4.682540	2.715930
4.683761	1.057318
4.684982	0.921517
4.686203	0.037446
4.687424	-0.431957
4.688645	1.535698
4.689866	0.677448
4.691087	0.359485
4.692308	0.575370
4.693529	0.247050
4.694750	0.420403
4.695971	0.214330
4.697192	0.505177
4.698413	-0.979528
4.699634	-0.301357
4.700855	-1.569509
4.702076	-2.257437
4.703297	-1.266736
4.704518	-0.716983
4.705739	-0.490285
4.706960	-2.172564
4.708181	0.409780
4.709402	-1.652397
4.710623	-0.460785
4.711844	-1.488325
4.713065	-1.286491
4.714286	-0.965009
4.715507	-4.546419
4.716728	-3.823169
4.717949	-2.504225
4.719170	-2.170462
4.720391	-2.601714
4.721612	-5.126188
4.722833	-4.317320
4.724054	-4.155149
4.725275	-0.694159
4.726496	-3.251938
4.727717	-3.551796
4.728938	-1.579968
4.730159	-0.674642
4.731380	1.677445
4.732601	0.715178
4.733822	1.583671
4.735043	2.925018
4.736264	2.151896
4.737485	4.450950
4.738706	3.814197
4.739927	4.541381
4.741148	4.864017
4.742369	5.020761
4.743590	6.339216
4.744811	3.881897
4.746032	5.810586
4.747253	5.758089
4.748474	3.950446
4.749695	2.405936
4.750916	5.651077
4.752137	4.418838
4.753358	4.586294
4.754579	3.598593
4.755800	2.945057
4.757021	1.443458
4.758242	3.356615
4.759463	3.586799
4.760684	3.291048
4.761905	3.115301
4.763126	0.616134
4.764347	0.184225
4.765568	0.579395
4.766789	-0.667161
4.768010	1.406108
4.769231	-0.881390
4.770452	-0.539171
4.771673	1.095970
4.772894	-0.246707
4.774115	0.744922
4.775336	1.053333
4.776557	-2.612118
4.777778	0.208471
4.778999	-1.060049
4.780220	-0.843643
4.781441	-3.678293
4.782662	-1.292736
4.783883	-3.406500
4.785104	-3.877379
4.786325	-3.679217
4.787546	-2.535159
4.788767	-5.568544
4.789988	-5.303274
4.791209	-4.930115
4.792430	-1.726809
4.793651	-2.647678
4.794872	-3.540345
4.796093	-0.822757
4.797314	-2.722548
4.798535	-2.723555
4.799756	-0.819850
4.800977	0.932432
4.802198	0.978501
4.803419	-0.123280
4.804640	-0.674531
4.805861	1.652873
4.807082	0.400613
4.808303	3.187379
4.809524	1.064179
4.810745	2.850797
4.811966	2.139938
4.813187	3.497990
4.814408	4.013910
4.815629	0.845303
4.816850	3.465690
4.818071	2.672834
4.819292	2.533694
4.820513	0.500728
4.821734	-0.321033
4.822955	1.598105
4.824176	0.278892
4.825397	-1.782896
4.826618	1.205774
4.827839	-0.368114
4.829060	-1.167445
4.830281	-2.306089
4.831502	-2.232612
4.832723	-1.396119
4.833944	-1.610461
4.835165	-2.271478
4.836386	-1.643656
4.837607	-1.586069
4.838828	-1.992492
4.840049	-0.388103
4.841270	-1.518066
4.842491	-3.012896
4.843712	-0.220097
4.844933	-1.196135
4.846154	-2.486726
4.847375	-2.898824
4.848596	-4.437871
4.849817	-3.662393
4.851038	-2.337536
4.852259	-2.787557
4.853480	-4.231516
4.854701	-5.164985
4.855922	-3.069158
4.857143	-1.493563
4.858364	-2.170152
4.859585	-4.127532
4.860806	-3.270076
4.862027	-3.808576
4.863248	0.331437
4.864469	-1.711640
4.865690	0.800501
4.866911	-1.333586
4.868132	1.428056
4.869353	0.531476
4.870574	1.022618
4.871795	1.107266
4.873016	3.863803
4.874237	1.904722
4.875458	2.036681
4.876679	3.041661
4.877900	5.646905
4.879121	5.125601
4.880342	3.175398
4.881563	4.970981
4.882784	5.342783
4.884005	2.513135
4.885226	5.327698
4.886447	2.160891
4.887668	1.346845
4.888889	2.900402
4.890110	1.928773
4.891331	0.812625
4.892552	2.256150
4.893773	0.681936
4.894994	1.662264
4.896215	2.826915
4.897436	2.785138
4.898657	2.166558
4.899878	0.825652
4.901099	0.993864
4.902320	1.068752
4.903541	1.930391
4.904762	0.908070
4.905983	2.053254
4.907204	-1.288959
4.908425	0.929714
4.909646	0.449529
4.910867	-2.154587
4.912088	0.454002
4.913309	0.232639
4.914530	-0.999658
4.915751	-4.067187
4.916972	-2.959333
4.918193	-1.837111
4.919414	-2.193428
4.920635	-3.301322
4.921856	-1.352006
4.923077	-2.709384
4.924298	-2.065084
4.925519	-1.877783
4.926740	-4.415299
4.927961	-3.711432
4.929182	-3.056595
4.930403	0.360923
4.931624	1.014273
4.932845	1.021768
4.934066	1.801108
4.935287	1.450898
4.936508	2.029539
4.937729	-0.308113
4.938950	0.172964
4.940171	2.623619
4.941392	2.403574
4.942613	1.290552
4.943834	0.868879
4.945055	0.837933
4.946276	3.203499
4.947497	3.379217
4.948718	0.808289
4.949939	3.229222
4.951160	2.180521
4.952381	2.246067
4.953602	1.341675
4.954823	-0.991947
4.956044	0.730230
4.957265	1.134777
4.958486	0.396117
4.959707	-0.259160
4.960928	0.646944
4.962149	-2.398583
4.963370	0.296440
4.964591	1.129016
4.965812	-2.693258
4.967033	-0.093261
4.968254	-0.452846
4.969475	-2.018858
4.970696	-2.036529
4.971917	-1.498116
4.973138	-2.394505
4.974359	-0.675424
4.975580	-3.461691
4.976801	-2.386290
4.978022	-1.149494
4.979243	-3.134350
4.980464	-2.043081
4.981685	-3.813792
4.982906	-4.357347
4.984127	-3.941218
4.985348	-2.623891
4.986569	-4.150298
4.987790	-5.292259
4.989011	-4.522809
4.990232	-2.543146
4.991453	-1.546627
4.992674	-2.982747
4.993895	-4.532570
4.995116	-0.514026
4.996337	-1.519744
4.997558	-0.860048
4.998779	-0.404102
5.000000	0.451661
